mission_name,launch_date,rocket_name,payload_mass,orbit_x,launch_site_x,landing_success,reused,date,booster_version,launch_site_y,payload,orbit_y,customer,launch_outcome,landing_type,landing_outcome
Falcon 9 Test Flight,2010-06-04 18:45:00,Falcon 9,,,CCSFS SLC 40,,,2010-06-04 18:45:00,F9 v1.0B0003,"Cape Canaveral, SLC‑40",Dragon Spacecraft Qualification Unit,Unknown,LEO,SpaceX,Success,Failure (parachute)
COTS 1,2010-12-08 15:43:00,Falcon 9,,,CCSFS SLC 40,,,2010-12-08 15:43:00,F9 v1.0B0004,"Cape Canaveral, SLC‑40",SpaceX COTS Demo Flight 1 (Dragon C101),Unknown,LEO,NASA (COTS),Success,Failure (parachute)
COTS 2,2012-05-22 07:44:00,Falcon 9,,,CCSFS SLC 40,,,2012-05-22 07:44:00,F9 v1.0B0005,"Cape Canaveral, SLC‑40",SpaceX COTS Demo Flight 2[14](Dragon C102),"525 kg (1,157 lb)[15] (excl. Dragon mass)",LEO (ISS),NASA (COTS),Success[16],No attempt
CRS-1,2012-10-08 00:35:00,Falcon 9,,,CCSFS SLC 40,,,2012-10-08 00:35:00,F9 v1.0B0006,"Cape Canaveral, SLC‑40",SpaceX CRS-1[18](Dragon C103),"4,700 kg (10,400 lb) (excl. Dragon mass)",LEO (ISS),NASA (CRS),Success,No attempt
CRS-2,2013-03-01 19:10:00,Falcon 9,,,CCSFS SLC 40,,,2013-03-01 15:10:00,F9 v1.0B0007,"Cape Canaveral, SLC‑40",SpaceX CRS-2[18](Dragon C104),"4,877 kg (10,752 lb) (excl. Dragon mass)",LEO (ISS),NASA (CRS),Success,No attempt
CASSIOPE,2013-09-29 16:00:00,Falcon 9,,,VAFB SLC 4E,,,2013-09-29 16:00:00,F9 v1.1B1003,"Vandenberg, SLC‑4E",CASSIOPE[18][27],"500 kg (1,100 lb)",Polar orbit LEO,MDA,Success[26],Failure (ocean)[b]
SES-8,2013-12-03 22:41:00,Falcon 9,,,CCSFS SLC 40,,,2013-12-03 22:41:00,F9 v1.1B1004,"Cape Canaveral, SLC‑40",SES-8[18][32][33],"3,170 kg (6,990 lb)",GTO,SES,Success[34],No attempt[35]
Thaicom 6,2014-01-06 18:06:00,Falcon 9,,,CCSFS SLC 40,,,2014-01-06 22:06:00,F9 v1.1B1005,"Cape Canaveral, SLC‑40",Thaicom 6[18],"3,325 kg (7,330 lb)",GTO,Thaicom,Success[39],No attempt[40]
CRS-3,2014-04-18 19:25:00,Falcon 9,,,CCSFS SLC 40,,,2014-04-18 19:25:00,F9 v1.1B1006,"Cape Canaveral, SLC‑40",SpaceX CRS-3[18](Dragon C105),"2,296 kg (5,062 lb)[42] (excl. Dragon mass)",LEO (ISS),NASA (CRS),Success,Controlled (ocean)[b][43]
OG-2 Mission 1,2014-07-14 15:15:00,Falcon 9,,,CCSFS SLC 40,,,2014-07-14 15:15:00,F9 v1.1B1007,"Cape Canaveral, SLC‑40",Orbcomm-OG2-1(6 satellites)[18],"1,316 kg (2,901 lb)",LEO,Orbcomm,Success[48],Controlled (ocean)[b][43]
AsiaSat 8,2014-08-05 08:00:00,Falcon 9,,,CCSFS SLC 40,,,2014-08-05 08:00:00,F9 v1.1B1008,"Cape Canaveral, SLC‑40",AsiaSat 8[18][51][52],"4,535 kg (9,998 lb)",GTO,AsiaSat,Success[53],No attempt[54]
AsiaSat 6,2014-09-07 05:00:00,Falcon 9,,,CCSFS SLC 40,,,2014-09-07 05:00:00,F9 v1.1B1011,"Cape Canaveral, SLC‑40",AsiaSat 6[18][51][55],"4,428 kg (9,762 lb)",GTO,AsiaSat,Success[56],No attempt
CRS-4,2014-09-21 05:52:00,Falcon 9,,,CCSFS SLC 40,,,2014-09-21 05:52:00,F9 v1.1B1010,"Cape Canaveral, SLC‑40",SpaceX CRS-4[18](Dragon C106.1),"2,216 kg (4,885 lb)[59] (excl. Dragon mass)",LEO (ISS),NASA (CRS),Success[60],Failure (ocean)[b][61]
CRS-5,2015-01-10 09:47:00,Falcon 9,,,CCSFS SLC 40,,,2015-01-10 09:47:00,F9 v1.1B1012,"Cape Canaveral, SLC‑40",SpaceX CRS-5[65](Dragon C107),"2,395 kg (5,280 lb)[66] (excl. Dragon mass)",LEO (ISS),NASA (CRS),Success[67],Failure (JRTI)
DSCOVR,2015-02-11 23:03:00,Falcon 9,,,CCSFS SLC 40,,,2015-02-11 23:03:00,F9 v1.1B1013,"Cape Canaveral, SLC‑40",DSCOVR[65][70],"570 kg (1,260 lb)",Sun–Earth L1 insertion,"USAF
NASA
NOAA",Success,Controlled (ocean)[b]
ABS-3A / Eutelsat 115W B,2015-03-02 03:50:00,Falcon 9,,,CCSFS SLC 40,,,2015-03-02 03:50:00,F9 v1.1B1014,"Cape Canaveral, SLC‑40","ABS-3A
Eutelsat 115 West B[65]","4,159 kg (9,169 lb)",GTO,"ABS
Eutelsat",Success,No attempt[75]
CRS-6,2015-04-14 20:10:00,Falcon 9,,,CCSFS SLC 40,,,2015-04-14 20:10:00,F9 v1.1B1015,"Cape Canaveral, SLC‑40",SpaceX CRS-6[65](Dragon C108.1),"1,898 kg (4,184 lb)[80] (excl. Dragon mass)",LEO (ISS),NASA (CRS),Success,Failure (JRTI)
TürkmenÄlem 52°E / MonacoSAT,2015-04-27 23:03:00,Falcon 9,,,CCSFS SLC 40,,,2015-04-27 23:03:00,F9 v1.1B1016,"Cape Canaveral, SLC‑40",TürkmenÄlem 52°E / MonacoSAT[65][84],"4,707 kg (10,377 lb)",GTO,Turkmenistan NationalSpace Agency[85],Success,No attempt[86]
CRS-7,2015-06-28 14:21:00,Falcon 9,,,CCSFS SLC 40,,,2015-06-28 14:21:00,F9 v1.1B1018,"Cape Canaveral, SLC‑40",SpaceX CRS-7[65](Dragon C109),"1,952 kg (4,303 lb)[89] (excl. Dragon mass)",LEO (ISS),NASA (CRS),Failure[90],Precluded (drone ship)[91]
OG-2 Mission 2,2015-12-22 01:29:00,Falcon 9,,,CCSFS SLC 40,,,2015-12-22 01:29:00,F9 FTB1019,"Cape Canaveral, SLC‑40",Orbcomm-OG2-2(11 satellites)[18][94],"2,034 kg (4,484 lb)",LEO,Orbcomm,Success,Success (LZ‑1)
Jason 3,2016-01-17 15:42:00,Falcon 9,,,VAFB SLC 4E,,,2016-01-17 18:42:00,F9 v1.1B1017[3],"Vandenberg, SLC‑4E",Jason-3[65][101],"553 kg (1,219 lb)",LEO,"NASA (LSP)
NOAA
CNES",Success,Failure (JRTI)
SES-9,2016-03-04 23:35:00,Falcon 9,,,CCSFS SLC 40,,,2016-03-04 23:35:00,F9 FTB1020[105],"Cape Canaveral, SLC‑40",SES-9[65][106][107],"5,271 kg (11,621 lb)",GTO,SES,Success,Failure (OCISLY)
CRS-8,2016-04-08 20:43:00,Falcon 9,,,CCSFS SLC 40,,,2016-04-08 20:43:00,F9 FTB1021-1[112],"Cape Canaveral, SLC‑40",SpaceX CRS-8[65][107](Dragon C110.1),"3,136 kg (6,914 lb)[113] (excl. Dragon mass)",LEO (ISS),NASA (CRS),Success[114],Success (OCISLY)
JCSAT-2B,2016-05-06 05:21:00,Falcon 9,,,CCSFS SLC 40,,,2016-05-06 05:21:00,F9 FTB1022[118],"Cape Canaveral, SLC‑40",JCSAT-14[119],"4,696 kg (10,353 lb)[120]",GTO,SKY Perfect JSAT Group,Success,Success (OCISLY)
Thaicom 8,2016-05-27 21:39:00,Falcon 9,,,CCSFS SLC 40,,,2016-05-27 21:39:00,F9 FTB1023-1[125],"Cape Canaveral, SLC‑40",Thaicom 8[126][127],"3,100 kg (6,800 lb)[128]",GTO,Thaicom,Success,Success (OCISLY)
ABS-2A / Eutelsat 117W B,2016-06-15 14:29:00,Falcon 9,,,CCSFS SLC 40,,,2016-06-15 14:29:00,F9 FTB1024[105],"Cape Canaveral, SLC‑40","ABS-2A
Eutelsat 117 West B[65]","3,600 kg (7,900 lb)",GTO,"ABS
Eutelsat",Success,Failure (OCISLY)
CRS-9,2016-07-18 04:45:00,Falcon 9,,,CCSFS SLC 40,,,2016-07-18 04:45:00,F9 FTB1025-1[125],"Cape Canaveral, SLC‑40",SpaceX CRS-9[65][136](Dragon C111.1),"2,257 kg (4,976 lb)[137] (excl. Dragon mass)",LEO (ISS),NASA (CRS),Success,Success (LZ‑1)
JCSAT-16,2016-08-14 05:26:00,Falcon 9,,,CCSFS SLC 40,,,2016-08-14 05:26:00,F9 FTB1026[105],"Cape Canaveral, SLC‑40",JCSAT-16,"4,600 kg (10,100 lb)",GTO,SKY Perfect JSAT Group,Success,Success (OCISLY)
Amos-6,2016-09-01 13:07:00,Falcon 9,,,CCSFS SLC 40,,,2016-09-03 07:00:00,F9 FTB1028,"Cape Canaveral, SLC‑40",AMOS-6,"5,500 kg (12,100 lb)",GTO,Spacecom,Precluded (pre-flight failure),Precluded
Iridium NEXT Mission 1,2017-01-14 17:54:00,Falcon 9,,,VAFB SLC 4E,,,2017-01-14 17:54:00,F9 FTB1029-1[146],"Vandenberg, SLC‑4E",Iridium NEXT-1(10 satellites)[147][148],"9,600 kg (21,200 lb)",Polar LEO,Iridium Communications,Success,Success (JRTI)
CRS-10,2017-02-19 14:39:00,Falcon 9,,,KSC LC 39A,,,2017-02-19 14:39:00,F9 FTB1031-1[3],"Kennedy, LC‑39A",SpaceX CRS-10[136](Dragon C112.1),"2,490 kg (5,490 lb)[154] (excl. Dragon mass)",LEO (ISS),NASA (CRS),Success,Success (LZ‑1)
EchoStar 23,2017-03-16 06:00:00,Falcon 9,,,KSC LC 39A,,,2017-03-16 06:00:00,F9 FTB1030[157],"Kennedy, LC‑39A",EchoStar 23,"5,600 kg (12,300 lb)[158]",GTO,EchoStar,Success,No attempt[159]
SES-10,2017-03-30 22:27:00,Falcon 9,,,KSC LC 39A,,,2017-03-30 22:27:00,F9 FTB1021-2[112],"Kennedy, LC‑39A",SES-10[106][162],"5,300 kg (11,700 lb)[163]",GTO,SES,Success[164],Success (OCISLY)
NROL-76,2017-05-01 11:15:00,Falcon 9,,,KSC LC 39A,,,2017-05-01 11:15:00,F9 FTB1032-1[125],"Kennedy, LC‑39A",NROL-76[168],Classified,LEO[169],NRO,Success,Success (LZ‑1)
Inmarsat-5 F4,2017-05-15 23:21:00,Falcon 9,,,KSC LC 39A,,,2017-05-15 23:21:00,F9 FTB1034-1[173],"Kennedy, LC‑39A",Inmarsat-5 F4[174],"6,070 kg (13,380 lb)[175]",GTO,Inmarsat,Success,No attempt[159]
CRS-11,2017-06-03 21:07:00,Falcon 9,,,KSC LC 39A,,,2017-06-03 21:07:00,F9 FTB1035-1[179],"Kennedy, LC‑39A",SpaceX CRS-11[136](Dragon C106.2),"2,708 kg (5,970 lb)[180] (excl. Dragon mass)",LEO (ISS),NASA (CRS),Success,Success (LZ‑1)
BulgariaSat-1,2017-06-23 19:10:00,Falcon 9,,,KSC LC 39A,,,2017-06-23 19:10:00,F9 FTB1029-2[189],"Kennedy, LC‑39A",BulgariaSat-1[190],"3,669 kg (8,089 lb)[191]",GTO,Bulsatcom,Success,Success (OCISLY)
Iridium NEXT Mission 2,2017-06-25 20:25:00,Falcon 9,,,VAFB SLC 4E,,,2017-06-25 20:25:00,F9 FTB1036-1[192],"Vandenberg, SLC‑4E",Iridium NEXT-2(10 satellites),"9,600 kg (21,200 lb)",LEO,Iridium Communications,Success,Success (JRTI)
Intelsat 35e,2017-07-05 23:35:00,Falcon 9,,,KSC LC 39A,,,2017-07-05 23:38:00,F9 FTB1037-1[194],"Kennedy, LC‑39A",Intelsat 35e[195],"6,761 kg (14,905 lb)[196]",GTO,Intelsat,Success,No attempt[159]
CRS-12,2017-08-14 16:31:00,Falcon 9,,,KSC LC 39A,,,2017-08-14 16:31:00,F9 B4B1039-1[201],"Kennedy, LC‑39A",SpaceX CRS-12[136](Dragon C113.1),"3,310 kg (7,300 lb) (excl. Dragon mass)",LEO (ISS),NASA (CRS),Success,Success (LZ‑1)
FormoSat-5,2017-08-24 18:50:00,Falcon 9,,,VAFB SLC 4E,,,2017-08-24 18:51:00,F9 FTB1038-1[203],"Vandenberg, SLC‑4E",Formosat-5[204][205],"475 kg (1,047 lb)[206]",SSO,NSPO,Success,Success (JRTI)
Boeing X-37B OTV-5,2017-09-07 13:50:00,Falcon 9,,,KSC LC 39A,,,2017-09-07 14:00:00,F9 B4B1040-1[105],"Kennedy, LC‑39A",Boeing X-37B OTV-5,"4,990 kg (11,000 lb)[210]+ OTV payload",LEO,USAF,Success,Success (LZ‑1)
Iridium NEXT Mission 3,2017-10-09 12:37:00,Falcon 9,,,VAFB SLC 4E,,,2017-10-09 12:37:00,F9 B4B1041-1[213],"Vandenberg, SLC‑4E",Iridium NEXT-3(10 satellites)[147],"9,600 kg (21,200 lb)",Polar LEO,Iridium Communications,Success,Success (JRTI)
SES-11 / Echostar 105,2017-10-11 22:53:00,Falcon 9,,,KSC LC 39A,,,2017-10-11 22:53:00,F9 FTB1031-2[214],"Kennedy, LC‑39A",SES-11 / EchoStar 105,"5,400 kg (11,900 lb)[215][216]",GTO,"SES S.A.
EchoStar",Success,Success (OCISLY)
KoreaSat 5A,2017-10-30 19:34:00,Falcon 9,,,KSC LC 39A,,,2017-10-30 19:34:00,F9 B4B1042-1[213],"Kennedy, LC‑39A",Koreasat 5A[218],"3,500 kg (7,700 lb)",GTO,KT Corporation,Success,Success (OCISLY)
CRS-13,2017-12-15 15:36:00,Falcon 9,,,CCSFS SLC 40,,,2017-12-15 15:36:00,F9 FTB1035-2[223],"Cape Canaveral, SLC‑40",SpaceX CRS-13[136](Dragon C108.2),"2,205 kg (4,861 lb) (excl. Dragon mass)",LEO (ISS),NASA (CRS),Success,Success (LZ‑1)
Iridium NEXT Mission 4,2017-12-23 01:27:23,Falcon 9,,,VAFB SLC 4E,,,2017-12-23 01:27:00,F9 FTB1036-2[223],"Vandenberg, SLC‑4E",Iridium NEXT-4(10 satellites)[147],"9,600 kg (21,200 lb)",Polar LEO,Iridium Communications,Success[226],Controlled (ocean)[b]
ZUMA,2018-01-08 01:00:00,Falcon 9,,,CCSFS SLC 40,,,2018-01-08 01:00:00,F9 B4B1043-1,"Cape Canaveral, SLC‑40",Zuma[233],Classified,LEO,Unspecified U.S. government agency,Success[234],Success (LZ‑1)
SES-16 / GovSat-1,2018-01-31 21:25:00,Falcon 9,,,CCSFS SLC 40,,,2018-01-31 21:25:00,F9 FTB1032-2[238],"Cape Canaveral, SLC‑40",GovSat-1 (SES-16)[239],"4,230 kg (9,330 lb)[240]",GTO,SES,Success[241],Controlled (ocean)[b]
Falcon Heavy Test Flight,2018-02-06 20:45:00,Falcon Heavy,,,KSC LC 39A,,,2018-02-06 20:45:00,Falcon HeavyB1033 (core),"Kennedy, LC‑39A",Elon Musk's Tesla Roadster[246][247],"~1,250 kg (2,760 lb)",Heliocentric0.99–1.67 AU[248](close to Mars transfer orbit),SpaceX,Success,Failure (OCISLY)
Paz / Starlink Demo,2018-02-22 14:17:00,Falcon 9,,,VAFB SLC 4E,,,2018-02-22 14:17:00,F9 FTB1038-2[260],"Vandenberg, SLC‑4E",Paz,"2,150 kg (4,740 lb)",SSO,"Hisdesat
exactEarth",Success,No attempt
Hispasat 30W-6,2018-03-06 05:33:00,Falcon 9,,,CCSFS SLC 40,,,2018-03-06 05:33:00,F9 B4B1044-1[105],"Cape Canaveral, SLC‑40","Hispasat 30W-6[269]
PODSat[270]","6,092 kg (13,431 lb)[271]",GTO,"Hispasat[269]
NovaWurks",Success[272],Controlled (ocean)[b]
Iridium NEXT Mission 5,2018-03-30 14:13:51,Falcon 9,,,VAFB SLC 4E,,,2018-03-30 14:14:00,F9 B4B1041-2[260],"Vandenberg, SLC‑4E",Iridium NEXT-5(10 satellites)[147],"9,600 kg (21,200 lb)",Polar LEO,Iridium Communications,Success[278],No attempt
CRS-14,2018-04-02 20:30:41,Falcon 9,,,CCSFS SLC 40,,,2018-04-02 20:30:00,F9 B4B1039-2[284],"Cape Canaveral, SLC‑40",SpaceX CRS-14[136](Dragon C110.2),"2,647 kg (5,836 lb)[284] (excl. Dragon mass)",LEO (ISS),NASA (CRS),Success[285],No attempt
TESS,2018-04-18 22:51:00,Falcon 9,,,CCSFS SLC 40,,,2018-04-18 22:51:00,F9 B4B1045-1[260],"Cape Canaveral, SLC‑40",Transiting Exoplanet Survey Satellite (TESS)[296],362 kg (798 lb)[297],HEO for P/2 orbit,NASA (LSP),Success[298],Success (OCISLY)
Bangabandhu-1,2018-05-11 20:14:00,Falcon 9,,,KSC LC 39A,,,2018-05-11 20:14:00,F9 B5[303]B1046-1[260],"Kennedy, LC‑39A",Bangabandhu-1[304][305],"3,600 kg (7,900 lb)[306]",GTO,Thales-Alenia / BTRC,Success[307],Success (OCISLY)
Iridium NEXT Mission 6,2018-05-22 19:47:58,Falcon 9,,,VAFB SLC 4E,,,2018-05-22 19:47:00,F9 B4B1043-2[314],"Vandenberg, SLC‑4E","Iridium NEXT-6(5 satellites)[147][149]
GRACE-FO × 2[315][316]","6,460 kg (14,240 lb)[e]",Polar LEO,"Iridium Communications
GFZ • NASA",Success[319],No attempt
SES-12,2018-06-04 04:45:00,Falcon 9,,,CCSFS SLC 40,,,2018-06-04 04:45:00,F9 B4B1040-2[260],"Cape Canaveral, SLC‑40",SES-12[323],"5,384 kg (11,870 lb)[324]",GTO,SES,Success[325],No attempt
CRS-15,2018-06-29 09:42:00,Falcon 9,,,CCSFS SLC 40,,,2018-06-29 09:42:00,F9 B4B1045-2[328],"Cape Canaveral, SLC‑40",SpaceX CRS-15(Dragon C111.2),"2,697 kg (5,946 lb)[329] (excl. Dragon mass)",LEO (ISS),NASA (CRS),Success[330],No attempt
Telstar 19V,2018-07-22 05:50:00,Falcon 9,,,CCSFS SLC 40,,,2018-07-22 05:50:00,F9 B5B1047-1,"Cape Canaveral, SLC‑40",Telstar 19V[333],"7,075 kg (15,598 lb)[334]",GTO[335],Telesat,Success[336],Success (OCISLY)
Iridium NEXT Mission 7,2018-07-25 11:39:26,Falcon 9,,,VAFB SLC 4E,,,2018-07-25 11:39:00,F9 B5[341]B1048-1[342],"Vandenberg, SLC‑4E",Iridium NEXT-7(10 satellites)[147],"9,600 kg (21,200 lb)",Polar LEO,Iridium Communications,Success,Success (JRTI)
Merah Putih,2018-08-07 05:18:00,Falcon 9,,,CCSFS SLC 40,,,2018-08-07 05:18:00,F9 B5B1046-2[346],"Cape Canaveral, SLC‑40",Merah Putih (formerly Telkom-4)[347][348],"5,800 kg (12,800 lb)[349]",GTO,Telkom Indonesia,Success,Success (OCISLY)
Telstar 18V,2018-09-10 04:45:00,Falcon 9,,,CCSFS SLC 40,,,2018-09-10 04:45:00,F9 B5B1049-1[260],"Cape Canaveral, SLC‑40",Telstar 18V / Apstar-5C[333],"7,060 kg (15,560 lb)[352]",GTO[352],Telesat,Success,Success (OCISLY)
SAOCOM 1A,2018-10-08 02:22:00,Falcon 9,,,VAFB SLC 4E,,,2018-10-08 02:22:00,F9 B5B1048-2[355],"Vandenberg, SLC‑4E",SAOCOM 1A[356][357],"3,000 kg (6,600 lb)[354]",SSO,CONAE,Success,Success (LZ‑4)
Es’hail 2,2018-11-15 20:46:00,Falcon 9,,,KSC LC 39A,,,2018-11-15 20:46:00,F9 B5B1047-2[260],"Kennedy, LC‑39A",Es'hail 2[359],"5,300 kg (11,700 lb)[360]",GTO,Es'hailSat,Success[361],Success (OCISLY)
SSO-A,2018-12-03 18:34:00,Falcon 9,,,VAFB SLC 4E,,,2018-12-03 18:34:05,F9 B5B1046-3[260],"Vandenberg, SLC‑4E",SSO-A (SmallSat Express)(SHERPA),"~4,000 kg (8,800 lb)[363]",SSO,Spaceflight Industries,Success[364],Success (JRTI)
CRS-16,2018-12-05 18:16:00,Falcon 9,,,CCSFS SLC 40,,,2018-12-05 18:16:00,F9 B5B1050[260],"Cape Canaveral, SLC‑40",SpaceX CRS-16(Dragon C112.2),"2,500 kg (5,500 lb)[373] (excl. Dragon mass)",LEO (ISS),NASA (CRS),Success,Failure (LZ‑1)
GPS III SV01,2018-12-23 13:51:00,Falcon 9,,,CCSFS SLC 40,,,2018-12-23 13:51:00,F9 B5B1054[378],"Cape Canaveral, SLC‑40",GPS III-01 (Vespucci),"4,400 kg (9,700 lb)[379]",MEO,USAF,Success,No attempt
Iridium NEXT Mission 8,2019-01-11 15:31:00,Falcon 9,,,VAFB SLC 4E,,,2019-01-11 15:31:00,F9 B5B1049-2[388],"Vandenberg, SLC‑4E",Iridium NEXT-8(10 satellites)[147],"9,600 kg (21,200 lb)",Polar LEO,Iridium Communications,Success,Success (JRTI)
Nusantara Satu (PSN-6) / S5 / Beresheet,2019-02-22 01:45:00,Falcon 9,,,CCSFS SLC 40,,,2019-02-22 01:45:00,F9 B5B1048-3[390],"Cape Canaveral, SLC‑40","Nusantara Satu (PSN-6)[391]
Beresheet Moon lander[392]
S5[393]","4,850 kg (10,690 lb)[394]",GTO,"PSN
SpaceIL / IAI
Air Force Research",Success,Success (OCISLY)
CCtCap Demo Mission 1,2019-03-02 07:45:00,Falcon 9,,,KSC LC 39A,,,2019-03-02 07:49:00,F9 B5B1051-1[260][404],"Kennedy, LC‑39A",Crew Dragon Demo-1[405](Dragon C204),"12,055 kg (26,577 lb)[406][f]",LEO (ISS),NASA (CCD),Success,Success (OCISLY)
ArabSat 6A,2019-04-11 22:35:00,Falcon Heavy,,,KSC LC 39A,,,2019-04-11 22:35:00,FH B5B1055 (core),"Kennedy, LC‑39A",Arabsat-6A[413],"6,465 kg (14,253 lb)[414]",GTO,Arabsat,Success,Partial failure[g] (OCISLY)
CRS-17,2019-05-04 06:48:00,Falcon 9,,,CCSFS SLC 40,,,2019-05-04 06:48:00,F9 B5B1056-1[411],"Cape Canaveral, SLC‑40",SpaceX CRS-17[136](Dragon C113.2),"2,495 kg (5,501 lb)[423] (excl. Dragon mass)",LEO (ISS),NASA (CRS),Success,Success (OCISLY)
Starlink v0.9,2019-05-24 02:30:00,Falcon 9,,,CCSFS SLC 40,,,2019-05-24 02:30:00,F9 B5B1049-2[425],"Cape Canaveral, SLC‑40",Starlink: v0.9 launch (60 satellites),"13,620 kg (30,030 lb)[426]",LEO,SpaceX,Success,Success (OCISLY)
RADARSAT Constellation,2019-06-12 14:17:00,Falcon 9,,,VAFB SLC 4E,,,2019-06-12 14:17:00,F9 B5B1051-2[411],"Vandenberg, SLC‑4E",RADARSAT Constellation(3 satellites),"4,200 kg (9,300 lb)[435]",SSO,Canadian Space Agency (CSA),Success,Success (LZ‑4)
STP-2,2019-06-25 03:30:00,Falcon Heavy,,,KSC LC 39A,,,2019-06-25 06:30:00,FH B5B1057 (core)[411],"Kennedy, LC‑39A",Space Test Program Flight 2 (STP-2),"3,700 kg (8,200 lb)",LEO / MEO,USAF,Success,Failure (OCISLY)
CRS-18,2019-07-25 22:01:00,Falcon 9,,,CCSFS SLC 40,,,2019-07-25 22:01:00,F9 B5B1056-2[456],"Cape Canaveral, SLC‑40",SpaceX CRS-18[136](Dragon C108.3),"2,268 kg (5,000 lb)[455] (excl. Dragon mass)",LEO (ISS),NASA (CRS),Success,Success (LZ‑1)
Amos-17,2019-08-06 22:52:00,Falcon 9,,,CCSFS SLC 40,,,2019-08-06 23:23:00,F9 B5B1047-2[463],"Cape Canaveral, SLC‑40",AMOS-17[464],"6,500 kg (14,300 lb)[465]",GTO,Spacecom,Success,No attempt
Starlink-1,2019-11-11 14:56:00,Falcon 9,,,CCSFS SLC 40,,,2019-11-11 14:56:00,F9 B5B1048-4,"Cape Canaveral, SLC‑40",Starlink: Launch 1 (60 satellites),"15,600 kg (34,400 lb)[426]",LEO,SpaceX,Success,Success (OCISLY)
CRS-19,2019-12-05 17:29:23,Falcon 9,,,CCSFS SLC 40,,,2019-12-05 17:29:00,F9 B5B1059-1[473],"Cape Canaveral, SLC‑40",SpaceX CRS-19[474](Dragon C106.3),"2,617 kg (5,769 lb) (excl. Dragon mass)",LEO (ISS),NASA (CRS),Success,Success (OCISLY)
JCSat 18 / Kacific 1,2019-12-17 00:10:00,Falcon 9,,,CCSFS SLC 40,,,2019-12-17 00:10:00,F9 B5B1056-2[473],"Cape Canaveral, SLC‑40",JCSat-18 / Kacific 1[478],"6,956 kg (15,335 lb)[477]",GTO,Sky Perfect JSATKacific 1,Success,Success (OCISLY)
Starlink-2,2020-01-07 02:19:00,Falcon 9,,,CCSFS SLC 40,,,2020-01-07 02:19:21,F9 B5B1049-4,"Cape Canaveral, SLC‑40",Starlink: Launch 2 (60 satellites),"15,600 kg (34,400 lb)[4]",LEO,SpaceX,Success,Success (OCISLY)
Crew Dragon In Flight Abort Test,2020-01-19 14:00:00,Falcon 9,,,KSC LC 39A,,,2020-01-19 15:30:00,F9 B5B1046-4,"Kennedy, LC‑39A",Crew Dragon in-flight abort test[7](Dragon C205.1),"12,050 kg (26,570 lb)",Sub-orbital[8],NASA (CTS)[9],Successfulsimulatedfailure,No attempt
Starlink-3,2020-01-29 14:06:00,Falcon 9,,,CCSFS SLC 40,,,2020-01-29 14:07:00,F9 B5B1051-3,"Cape Canaveral, SLC‑40",Starlink: Launch 3 (60 satellites),"15,600 kg (34,400 lb)[4]",LEO,SpaceX,Success,Success (OCISLY)
Starlink-4,2020-02-17 15:05:55,Falcon 9,,,CCSFS SLC 40,,,2020-02-17 15:05:00,F9 B5B1056-4,"Cape Canaveral, SLC‑40",Starlink: Launch 4 (60 satellites),"15,600 kg (34,400 lb)[4]",LEO,SpaceX,Success,Failure (OCISLY)
CRS-20,2020-03-07 04:50:31,Falcon 9,,,CCSFS SLC 40,,,2020-03-07 04:50:00,F9 B5B1059-2,"Cape Canaveral, SLC‑40",SpaceX CRS-20 (Dragon C112.3),"1,977 kg (4,359 lb)[20] (excl. Dragon mass)",LEO (ISS),NASA (CRS),Success,Success (LZ‑1)
Starlink-5,2020-03-18 12:16:00,Falcon 9,,,KSC LC 39A,,,2020-03-18 12:16:00,F9 B5B1048-5,"Kennedy, LC‑39A",Starlink: Launch 5 (60 satellites),"15,600 kg (34,400 lb)[4]",LEO,SpaceX,Success,Failure (OCISLY)
Starlink-6,2020-04-22 19:30:00,Falcon 9,,,KSC LC 39A,,,2020-04-22 19:30:00,F9 B5B1051-4,"Kennedy, LC‑39A",Starlink: Launch 6 (60 satellites),"15,600 kg (34,400 lb)[4]",LEO,SpaceX,Success,Success (OCISLY)
CCtCap Demo Mission 2,2020-05-30 19:22:00,Falcon 9,,,KSC LC 39A,,,2020-05-30 19:22:00,F9 B5 B1058-1[31],"Kennedy, LC‑39A",Crew Dragon Demo-2 (Crew Dragon C206.1 Endeavour)[32],"12,530 kg (27,620 lb)[33]",LEO (ISS),NASA (CCDev),Success,Success (OCISLY)
Starlink-7,2020-06-04 01:25:00,Falcon 9,,,CCSFS SLC 40,,,2020-06-04 01:25:00,F9 B5B1049-5,"Cape Canaveral, SLC‑40",Starlink: Launch 7 (60 satellites),"15,600 kg (34,400 lb)[4]",LEO,SpaceX,Success,Success (JRTI)
Starlink-8 & SkySat 16-18,2020-06-13 09:21:00,Falcon 9,,,CCSFS SLC 40,,,2020-06-13 09:21:00,F9 B5B1059-3,"Cape Canaveral, SLC‑40",Starlink: Launch 8 (58 satellites),"15,410 kg (33,970 lb)",LEO,SpaceX,Success,Success (OCISLY)
GPS III SV03 (Columbus),2020-06-30 19:55:00,Falcon 9,,,CCSFS SLC 40,,,2020-06-30 20:10:46,F9 B5 B1060-1,"Cape Canaveral, SLC‑40",GPS III-03 (Matthew Henson),"4,311 kg (9,504 lb)[42]",MEO,U.S. Space Force[42],Success,Success (JRTI)
ANASIS-II,2020-07-20 21:30:00,Falcon 9,,,CCSFS SLC 40,,,2020-07-20 21:30:00,F9 B5B1058-2[57],"Cape Canaveral, SLC‑40",ANASIS-II,"5,000–6,000 kg (11,000–13,000 lb)",GTO,Republic of Korea Army,Success,Success (JRTI)
Starlink-9 (v1.0) & BlackSky Global 5-6,2020-08-07 05:12:00,Falcon 9,,,KSC LC 39A,,,2020-08-07 05:12:00,F9 B5B1051-5,"Kennedy, LC‑39A",Starlink: Launch 9 (57 satellites),"14,932 kg (32,919 lb)",LEO,SpaceX,Success,Success (OCISLY)
Starlink-10 (v1.0) & SkySat 19-21,2020-08-18 14:31:00,Falcon 9,,,CCSFS SLC 40,,,2020-08-18 14:31:00,F9 B5B1049-6[57],"Cape Canaveral, SLC‑40",Starlink: Launch 10 (58 satellites),"15,440 kg (34,040 lb)",LEO,SpaceX,Success,Success (OCISLY)
"SAOCOM 1B, GNOMES-1, Tyvak-0172",2020-08-30 23:18:00,Falcon 9,,,CCSFS SLC 40,,,2020-08-30 23:18:00,F9 B5B1059-4,"Cape Canaveral, SLC‑40",SAOCOM 1B[69]GNOMES 1[69]Tyvak-0172[70],"3,130 kg (6,900 lb)[71]",SSO,CONAEPlanetIQTyvak,Success,Success (LZ‑1)
Starlink-11 (v1.0),2020-09-03 12:46:00,Falcon 9,,,KSC LC 39A,,,2020-09-03 12:46:14,F9 B5B1060-2[76],"Kennedy, LC‑39A",Starlink: Launch 11 (60 satellites),"15,600 kg (34,400 lb)[4]",LEO,SpaceX,Success,Success (OCISLY)
Starlink-12 (v1.0),2020-10-06 11:29:00,Falcon 9,,,KSC LC 39A,,,2020-10-06 11:29:34,F9 B5B1058-3[78],"Kennedy, LC‑39A",Starlink: Launch 12 (60 satellites),"15,600 kg (34,400 lb)[4]",LEO,SpaceX,Success,Success (OCISLY)
Starlink-13 (v1.0),2020-10-18 12:25:00,Falcon 9,,,KSC LC 39A,,,2020-10-18 12:25:57,F9 B5B1051-6[81],"Kennedy, LC‑39A",Starlink: Launch 13 (60 satellites),"15,600 kg (34,400 lb)[4]",LEO,SpaceX,Success,Success (OCISLY)
Starlink-14 (v1.0),2020-10-24 15:31:00,Falcon 9,,,CCSFS SLC 40,,,2020-10-24 15:31:34,F9 B5B1060-3,"Cape Canaveral, SLC‑40",Starlink: Launch 14 (60 satellites),"15,600 kg (34,400 lb)",LEO,SpaceX,Success,Success (JRTI)
GPS III SV04 (Sacagawea),2020-11-05 23:24:00,Falcon 9,,,CCSFS SLC 40,,,2020-11-05 23:24:23,F9 B5 B1062-1,"Cape Canaveral, SLC‑40",GPS III-04 (Sacagawea)[53][86],"4,311 kg (9,504 lb)",MEO,USSF,Success,Success (OCISLY)
Crew-1,2020-11-16 00:27:00,Falcon 9,,,KSC LC 39A,,,2020-11-16 00:27:00,F9 B5 B1061-1[95],"Kennedy, LC‑39A",Crew-1 (Crew Dragon C207.1 Resilience),"~12,500 kg (27,600 lb)",LEO (ISS),NASA (CCP)[9],Success,Success (JRTI)
Sentinel-6 Michael Freilich,2020-11-21 17:17:00,Falcon 9,,,VAFB SLC 4E,,,2020-11-21 17:17:08,F9 B5 B1063-1,"Vandenberg, SLC‑4E",Sentinel-6 Michael Freilich (Jason-CS A),"1,192 kg (2,628 lb)",LEO,NASA / NOAA / ESA / EUMETSAT,Success,Success (LZ‑4)
Starlink-15 (v1.0),2020-11-25 02:13:00,Falcon 9,,,CCSFS SLC 40,,,2020-11-25 02:13:00,F9 B5B1049-7[103],"Cape Canaveral, SLC‑40",Starlink: Launch 15 (60 satellites),"15,600 kg (34,400 lb)",LEO,SpaceX,Success,Success (OCISLY)
CRS-21,2020-12-06 16:17:00,Falcon 9,,,KSC LC 39A,,,2020-12-06 16:17:08,F9 B5B1058-4[105],"Kennedy, LC‑39A",SpaceX CRS-21 (Dragon C208.1),"2,972 kg (6,552 lb) (excl. Dragon mass)",LEO (ISS),NASA (CRS),Success,Success (OCISLY)
SXM-7,2020-12-13 17:30:00,Falcon 9,,,CCSFS SLC 40,,,2020-12-13 17:30:00,F9 B5B1051-7,"Cape Canaveral, SLC‑40[110]",SXM-7,"7,000 kg (15,000 lb)",GTO,Sirius XM,Success,Success (JRTI)
NROL-108,2020-12-19 14:00:00,Falcon 9,,,KSC LC 39A,,,2020-12-19 14:00:00,F9 B5B1059-5,"Kennedy, LC‑39A",NROL-108,Classified,LEO,NRO,Success,Success (LZ‑1)
Turksat 5A,2021-01-08 02:15:00,Falcon 9,,,CCSFS SLC 40,,,2021-01-08 02:15:00,F9 B5B1060-4,"Cape Canaveral, SLC‑40",Türksat 5A[121],"3,500 kg (7,700 lb)",GTO,Türksat,Success,Success (JRTI)
Starlink-16 (v1.0),2021-01-20 13:02:00,Falcon 9,,,KSC LC 39A,,,2021-01-20 13:02:22,F9 B5B1051-8[125],"Kennedy, LC‑39A",Starlink: Launch 16 (60 satellites),"15,600 kg (34,400 lb)",LEO,SpaceX,Success,Success (JRTI)
Transporter-1,2021-01-24 15:00:00,Falcon 9,,,CCSFS SLC 40,,,2021-01-24 15:00:00,F9 B5B1058-5[129],"Cape Canaveral, SLC‑40",Transporter-1 (143 payload smallsat rideshare),"~5,000 kg (11,000 lb)",SSO,Various,Success,Success (OCISLY)
Starlink-18 (v1.0),2021-02-04 06:19:00,Falcon 9,,,CCSFS SLC 40,,,2021-02-04 06:19:00,F9 B5B1060-5[141],"Cape Canaveral, SLC‑40",Starlink: Launch 18 (60 satellites),"15,600 kg (34,400 lb)",LEO,SpaceX,Success,Success (OCISLY)
Starlink-19 (v1.0),2021-02-16 03:59:00,Falcon 9,,,CCSFS SLC 40,,,2021-02-16 03:59:37,F9 B5B1059-6,"Cape Canaveral, SLC‑40",Starlink: Launch 19 (60 satellites),"15,600 kg (34,400 lb)",LEO,SpaceX,Success,Failure (OCISLY)
Starlink-17 (v1.0),2021-03-04 08:24:00,Falcon 9,,,KSC LC 39A,,,2021-03-04 08:24:54,F9 B5B1049-8[151],"Kennedy, LC‑39A",Starlink: Launch 17 (60 satellites),"15,600 kg (34,400 lb)",LEO,SpaceX,Success,Success (OCISLY)
Starlink-20 (v1.0),2021-03-11 08:13:00,Falcon 9,,,CCSFS SLC 40,,,2021-03-11 08:13:29,F9 B5B1058-6[155],"Cape Canaveral, SLC‑40",Starlink: Launch 20 (60 satellites),"15,600 kg (34,400 lb)",LEO,SpaceX,Success,Success (JRTI)
Starlink-21 (v1.0),2021-03-14 10:01:00,Falcon 9,,,KSC LC 39A,,,2021-03-14 10:01:26,F9 B5B1051-9,"Kennedy, LC‑39A",Starlink: Launch 21 (60 satellites),"15,600 kg (34,400 lb)",LEO,SpaceX,Success,Success (OCISLY)
Starlink-22 (v1.0),2021-03-24 08:28:00,Falcon 9,,,CCSFS SLC 40,,,2021-03-24 08:28:24,F9 B5B1060-6[159],"Cape Canaveral, SLC‑40",Starlink: Launch 22 (60 satellites),"15,600 kg (34,400 lb)",LEO,SpaceX,Success,Success (OCISLY)
Starlink-23 (v1.0),2021-04-07 16:34:00,Falcon 9,,,CCSFS SLC 40,,,2021-04-07 16:34:18,F9 B5B1058-7,"Cape Canaveral, SLC‑40",Starlink: Launch 23 (60 satellites),"15,600 kg (34,400 lb)",LEO,SpaceX,Success,Success (OCISLY)
Crew-2,2021-04-23 09:49:00,Falcon 9,,,KSC LC 39A,,,2021-04-23 09:49:02,F9 B5B1061-2,"Kennedy, LC‑39A",Crew-2 (Crew Dragon C206.2 Endeavour),"~13,000 kg (29,000 lb)[163]",LEO (ISS),NASA (CTS),Success,Success (OCISLY)
Starlink-24 (v1.0),2021-04-29 03:44:00,Falcon 9,,,CCSFS SLC 40,,,2021-04-29 03:44:30,F9 B5B1060-7,"Cape Canaveral, SLC‑40",Starlink: Launch 24 (60 satellites),"15,600 kg (34,400 lb)",LEO,SpaceX,Success,Success (JRTI)
Starlink-25 (v1.0),2021-05-04 19:01:00,Falcon 9,,,KSC LC 39A,,,2021-05-04 19:01:07,F9 B5B1049-9[169],"Kennedy, LC‑39A",Starlink: Launch 25 (60 satellites),"15,600 kg (34,400 lb)",LEO,SpaceX,Success,Success (OCISLY)
Starlink-27 (v1.0),2021-05-09 06:42:00,Falcon 9,,,CCSFS SLC 40,,,2021-05-09 06:42:45,F9 B5B1051-10,"Cape Canaveral, SLC‑40",Starlink: Launch 27 (60 satellites),"15,600 kg (34,400 lb)",LEO,SpaceX,Success,Success (JRTI)
Starlink-26 (v1.0) + Capella-6 + Tyvak-0130,2021-05-15 22:54:00,Falcon 9,,,KSC LC 39A,,,2021-05-15 22:56:00,F9 B5B1058-8,"Kennedy, LC‑39A",Starlink: Launch 26 (52 satellites),"15,440 kg (34,040 lb)",LEO,SpaceX,Success,Success (OCISLY)
Starlink-28 (v1.0),2021-05-26 18:59:00,Falcon 9,,,CCSFS SLC 40,,,2021-05-26 18:59:35,F9 B5B1063-2,"Cape Canaveral, SLC‑40",Starlink: Launch 28 (60 satellites),"15,600 kg (34,400 lb)",LEO,SpaceX,Success,Success (JRTI)
CRS-22 & IROSA,2021-06-03 17:29:00,Falcon 9,,,KSC LC 39A,,,2021-06-03 17:29:17,F9 B5B1067-1,"Kennedy, LC‑39A",SpaceX CRS-22 (Dragon C209.1),"3,328 kg (7,337 lb) (excl. Dragon mass)",LEO (ISS),NASA (CRS),Success,Success (OCISLY)
SXM-8,2021-06-06 04:26:00,Falcon 9,,,CCSFS SLC 40,,,2021-06-06 04:26:00,F9 B5B1061-3,"Cape Canaveral, SLC‑40",SXM-8[185],"7,000 kg (15,000 lb)",GTO,Sirius XM,Success,Success (JRTI)
GPS III SV05,2021-06-17 16:09:00,Falcon 9,,,CCSFS SLC 40,,,2021-06-17 16:09:35,F9 B5B1062-2[188],"Cape Canaveral, SLC‑40",USA-319 / GPS III-05 (Neil Armstrong)[53][189],"4,331 kg (9,548 lb)[190]",MEO,USSF[42],Success,Success (JRTI)
Transporter-2,2021-06-30 19:31:00,Falcon 9,,,CCSFS SLC 40,,,2021-06-30 19:31:00,F9 B5B1060-8,"Cape Canaveral, SLC‑40",Transporter-2 (88 payload smallsat rideshare),Unknown[c],SSO,Various,Success,Success (LZ‑1)
CRS-23,2021-08-29 07:14:00,Falcon 9,,,KSC LC 39A,,,2021-08-29 07:14:49,F9 B5B1061-4,"Kennedy, LC‑39A",SpaceX CRS-23 (Dragon C208.2),"~2,200 kg (4,900 lb) (excl. Dragon mass)",LEO (ISS),NASA (CRS),Success,Success (ASOG)
Starlink 2-1 (v1.5),2021-09-14 03:55:00,Falcon 9,,,VAFB SLC 4E,,,2021-09-14 03:55:50,F9 B5B1049-10,"Vandenberg, SLC‑4E",Starlink: Group 2-1 (51 satellites),"~13,260 kg (29,230 lb)",LEO,SpaceX,Success,Success (OCISLY)
Inspiration4,2021-09-16 00:02:00,Falcon 9,,,KSC LC 39A,,,2021-09-16 00:02:56,F9 B5B1062-3[209],"Kennedy, LC‑39A",Inspiration4 (Crew Dragon C207.2 Resilience),"~12,519 kg (27,600 lb)",LEO,Jared Isaacman[note 1][210][211],Success,Success(JRTI)
Crew-3,2021-11-11 02:03:00,Falcon 9,,,KSC LC 39A,,,2021-11-11 02:03:31,F9 B5B1067-2[218],"Kennedy, LC‑39A",Crew-3 (Crew Dragon C210.1 Endurance),"~13,000 kg (29,000 lb)[219]",LEO (ISS),NASA (CTS)[9],Success,Success (ASOG)
Starlink 4-1 (v1.5),2021-11-13 12:40:00,Falcon 9,,,CCSFS SLC 40,,,2021-11-13 12:19:00,F9 B5B1058-9[222],"Cape Canaveral, SLC‑40",Starlink: Group 4-1 (53 satellites),"~15,635 kg (34,469 lb)",LEO,SpaceX,Success,Success (JRTI)
DART,2021-11-24 06:20:00,Falcon 9,,,VAFB SLC 4E,,,2021-11-24 06:21:00,F9 B5B1063-3[225],"Vandenberg, SLC‑4E",Double Asteroid Redirection Test (DART)[226],"624 kg (1,376 lb)",Heliocentric,NASA (LSP),Success,Success (OCISLY)
Starlink 4-3 (v1.5),2021-12-01 23:20:00,Falcon 9,,,CCSFS SLC 40,,,2021-12-02 23:12:00,F9 B5B1060-9,"Cape Canaveral, SLC‑40",Starlink: Group 4-3 (48 satellites),"~14,500 kg (32,000 lb)",LEO,SpaceX,Success,Success (ASOG)
IXPE,2021-12-09 06:00:00,Falcon 9,,,KSC LC 39A,,,2021-12-09 06:00:00,F9 B5B1061-5,"Kennedy, LC‑39A",Imaging X-ray Polarimetry Explorer (IXPE)[235],325 kg (717 lb),LEO,NASA (LSP),Success,Success (JRTI)
Starlink 4-4 (v1.5),2021-12-18 12:41:40,Falcon 9,,,VAFB SLC 4E,,,2021-12-18 12:41:00,F9 B5B1051-11,"Vandenberg, SLC‑4E",Starlink: Group 4-4 (52 satellites),"15,600 kg (34,400 lb)",LEO,SpaceX,Success,Success (OCISLY)
Türksat 5B,2021-12-19 03:58:00,Falcon 9,,,CCSFS SLC 40,,,2021-12-19 03:58:00,F9 B5B1067-3,"Cape Canaveral, SLC‑40",Türksat 5B[240],"4,500 kg (9,900 lb)",GTO,Türksat,Success,Success (ASOG)
CRS-24,2021-12-21 10:06:00,Falcon 9,,,KSC LC 39A,,,2021-12-21 10:06:00,F9 B5 B1069-1,"Kennedy, LC‑39A",SpaceX CRS-24 (Dragon C209.2),"2,989 kg (6,590 lb) (excl. Dragon mass)",LEO (ISS),NASA (CRS),Success,Success (JRTI)
Starlink 4-5 (v1.5),2022-01-06 21:49:00,Falcon 9,,,KSC LC 39A,,,2022-01-06 21:49:00,F9 B5B1062-4,"Kennedy, LC‑39A",Starlink: Group 4-5 (49 satellites),"~14,500 kg (32,000 lb)",LEO,SpaceX,Success,Success (ASOG)
Transporter-3,2022-01-13 15:25:00,Falcon 9,,,CCSFS SLC 40,,,2022-01-13 15:25:38,F9 B5B1058-10,"Cape Canaveral, SLC‑40",Transporter-3 (105 payload smallsat rideshare)[253],Unknown[c],SSO,Various,Success,Success (LZ‑1)
Starlink 4-6 (v1.5),2022-01-19 00:04:00,Falcon 9,,,KSC LC 39A,,,2022-01-19 02:02:40,F9 B5B1060-10,"Kennedy, LC‑39A",Starlink: Group 4-6 (49 satellites),"~14,500 kg (32,000 lb)",LEO,SpaceX,Success,Success (ASOG)
CSG-2,2022-01-31 23:11:12,Falcon 9,,,CCSFS SLC 40,,,2022-01-31 23:11:00,F9 B5B1052-3,"Cape Canaveral, SLC‑40",CSG-2,"2,205 kg (4,861 lb)",SSO,ASI,Success,Success (LZ‑1)
NROL-87,2022-02-02 20:18:00,Falcon 9,,,VAFB SLC 4E,,,2022-02-02 20:27:00,F9 B5 B1071-1,"Vandenberg, SLC‑4E",NROL-87,Classified,SSO,NRO,Success,Success (LZ‑4)
Starlink 4-7 (v1.5),2022-02-03 18:13:00,Falcon 9,,,KSC LC 39A,,,2022-02-03 18:13:00,F9 B5B1061-6,"Kennedy, LC‑39A",Starlink: Group 4-7 (49 satellites),"~14,500 kg (32,000 lb)",LEO,SpaceX,Success,Success (ASOG)
Starlink 4-8 (v1.5),2022-02-21 14:44:00,Falcon 9,,,CCSFS SLC 40,,,2022-02-21 14:44:00,F9 B5B1058-11,"Cape Canaveral, SLC‑40",Starlink: Group 4-8 (46 satellites),"~13,600 kg (30,000 lb)",LEO,SpaceX,Success,Success (ASOG)
Starlink 4-11 (v1.5),2022-02-25 17:12:00,Falcon 9,,,VAFB SLC 4E,,,2022-02-25 17:12:00,F9 B5B1063-4,"Vandenberg, SLC‑4E",Starlink: Group 4-11 (50 satellites),"~14,750 kg (32,520 lb)",LEO,SpaceX,Success,Success (OCISLY)
Starlink 4-9 (v1.5),2022-03-03 14:35:00,Falcon 9,,,KSC LC 39A,,,2022-03-03 14:25:00,F9 B5B1060-11,"Kennedy, LC‑39A",Starlink: Group 4-9 (47 satellites),"~13,900 kg (30,600 lb)",LEO,SpaceX,Success,Success (JRTI)
Starlink 4-10 (v1.5),2022-03-09 13:45:00,Falcon 9,,,CCSFS SLC 40,,,2022-03-09 13:45:00,F9 B5B1052-4[276],"Cape Canaveral, SLC‑40",Starlink: Group 4-10 (48 satellites),"~14,160 kg (31,220 lb)",LEO,SpaceX,Success,Success (ASOG)
Starlink 4-12 (v1.5),2022-03-19 03:24:00,Falcon 9,,,CCSFS SLC 40,,,2022-03-19 04:42:00,F9 B5B1051-12,"Cape Canaveral, SLC‑40",Starlink: Group 4-12 (53 satellites),"~16,250 kg (35,830 lb)",LEO,SpaceX,Success,Success (JRTI)
Transporter-4,2022-04-01 16:24:00,Falcon 9,,,CCSFS SLC 40,,,2022-04-01 16:24:00,F9 B5B1061-7,"Cape Canaveral, SLC‑40",Transporter-4 (40 payload smallsat rideshare),Unknown[c],SSO,Various,Success,Success (JRTI)
Ax-1,2022-04-08 15:17:00,Falcon 9,,,KSC LC 39A,,,2022-04-08 15:17:11,F9 B5B1062-5,"Kennedy, LC‑39A",Axiom-1 (Crew Dragon C206.3 Endeavour)[285],"~13,000 kg (29,000 lb)",LEO (ISS),Axiom Space,Success,Success (ASOG)
NROL-85,2022-04-17 13:13:00,Falcon 9,,,VAFB SLC 4E,,,2022-04-17 13:13:12,F9 B5B1071-2,"Vandenberg, SLC‑4E",NROL-85 (Intruder 13A [NOSS-3 9A] and Intruder 13B [(NOSS-3 9B])[289],Classified,LEO,NRO,Success,Success (LZ‑4)
Starlink 4-14 (v1.5),2022-04-21 15:16:00,Falcon 9,,,CCSFS SLC 40,,,2022-04-21 17:51:00,F9 B5B1060-12,"Cape Canaveral, SLC‑40",Starlink: Group 4-14 (53 satellites),"~16,250 kg (35,830 lb)",LEO,SpaceX,Success,Success (JRTI)
Crew-4,2022-04-27 07:52:00,Falcon 9,,,KSC LC 39A,,,2022-04-27 07:52:00,F9 B5B1067-4[296],"Kennedy, LC‑39A",Crew-4 (Crew Dragon C212.1 Freedom)[98][297],"~13,000 kg (29,000 lb)",LEO (ISS),NASA (CTS)[9],Success,Success (ASOG)
Starlink 4-16 (v1.5),2022-04-29 21:27:00,Falcon 9,,,CCSFS SLC 40,,,2022-04-29 21:27:00,F9 B5B1062-6,"Cape Canaveral, SLC‑40",Starlink: Group 4-16 (53 satellites),"~16,250 kg (35,830 lb)",LEO,SpaceX,Success,Success (JRTI)
Starlink 4-17 (v1.5),2022-05-06 09:42:00,Falcon 9,,,KSC LC 39A,,,2022-05-06 09:46:00,F9 B5B1058-12,"Kennedy, LC‑39A",Starlink: Group 4-17 (53 satellites),"~16,250 kg (35,830 lb)",LEO,SpaceX,Success,Success (ASOG)
Starlink 4-13 (v1.5),2022-05-13 22:07:00,Falcon 9,,,VAFB SLC 4E,,,2022-05-13 22:07:00,F9 B5B1063.5,"Vandenberg, SLC‑4E",Starlink: Group 4-13 (53 satellites),"~16,250 kg (35,830 lb)",LEO,SpaceX,Success,Success (OCISLY)
Starlink 4-15 (v1.5),2022-05-14 20:40:00,Falcon 9,,,CCSFS SLC 40,,,2022-05-14 20:40:00,F9 B5 B1073.1,"Cape Canaveral, SLC‑40",Starlink: Group 4-15 (53 satellites),"~16,250 kg (35,830 lb)",LEO,SpaceX,Success,Success (JRTI)
Starlink 4-18 (v1.5),2022-05-18 10:40:00,Falcon 9,,,KSC LC 39A,,,2022-05-18 10:59:00,F9 B5B1052-5,"Kennedy, LC‑39A",Starlink: Group 4-18 (53 satellites),"~16,250 kg (35,830 lb)",LEO,SpaceX,Success,Success (ASOG)
Transporter-5,2022-05-25 18:27:00,Falcon 9,,,CCSFS SLC 40,,,2022-05-25 18:35:00,F9 B5B1061-8[306],"Cape Canaveral, SLC‑40",Transporter-5 (59 payload smallsat rideshare),Unknown[c],SSO,Various,Success,Success (LZ‑1)
Starlink 4-19 (v1.5),2022-06-01 17:08:50,Falcon 9,,,KSC LC 39A,,,2022-05-25 18:35:00,F9 B5B1061-8[306],"Cape Canaveral, SLC‑40",Transporter-5 (59 payload smallsat rideshare),Unknown[c],SSO,Various,Success,Success (LZ‑1)
Nilesat-301,2022-06-08 21:04:00,Falcon 9,,,CCSFS SLC 40,,,2022-06-08 21:03:00,F9 B5B1062-7[308],"Cape Canaveral, SLC‑40",Nilesat-301[309],"~4,100 kg (9,000 lb)[310]",GTO,Nilesat,Success,Success (JRTI)
SARah 1,2022-06-18 14:19:00,Falcon 9,,,VAFB SLC 4E,,,2022-06-18 14:19:00,F9 B5B1071-3,"Vandenberg, SLC‑4E",SARah 1,"~4,000 kg (8,800 lb)",SSO,German Intelligence Service,Success,Success (LZ‑4)
Globalstar FM15,2022-06-19 04:27:00,Falcon 9,,,CCSFS SLC 40,,,2022-06-19 04:27:00,F9 B5B1061-9[318],"Cape Canaveral, SLC‑40",Globalstar-2 M087 (FM15)[319]USA 328-331,"~700 kg (1,500 lb) (excluding secret payloads)",LEO,GlobalstarUnknown US government agency,Success,Success (JRTI)
SES-22,2022-06-29 21:04:00,Falcon 9,,,CCSFS SLC 40,,,2022-06-29 21:04:00,F9 B5B1073-2[324],"Cape Canaveral, SLC‑40",SES-22,"~3,500 kg (7,700 lb)",GTO,SES,Success,Success (ASOG)
Starlink 4-21 (v1.5),2022-07-07 13:11:00,Falcon 9,,,CCSFS SLC 40,,,2022-07-07 13:11:00,F9 B5B1058-13[327],"Cape Canaveral, SLC‑40",Starlink: Group 4-21 (53 satellites),"~16,250 kg (35,830 lb)",LEO,SpaceX,Success,Success (JRTI)
Starlink 3-1 (v1.5),2022-07-11 01:39:00,Falcon 9,,,VAFB SLC 4E,,,2022-07-11 01:39:00,F9 B5B1063-6,"Vandenberg, SLC‑4E",Starlink: Group 3-1 (46 satellites),"~14,100 kg (31,100 lb)",SSO,SpaceX,Success,Success (OCISLY)
CRS-25,2022-07-15 00:44:00,Falcon 9,,,KSC LC 39A,,,2022-07-15 00:44:22,F9 B5B1067-5,"Kennedy, LC‑39A",SpaceX CRS-25 (Dragon C208.3)[332],"2,668 kg (5,881 lb) (excl. Dragon mass)",LEO (ISS),NASA (CRS),Success,Success (ASOG)
Starlink 4-22 (v1.5),2022-07-17 14:50:00,Falcon 9,,,CCSFS SLC 40,,,2022-07-17 14:20:00,F9 B5B1051-13[334],"Cape Canaveral, SLC‑40",Starlink: Group 4-22 (53 satellites),"~16,250 kg (35,830 lb)",LEO,SpaceX,Success,Success (JRTI)
Starlink 3-2 (v1.5),2022-07-21 17:13:00,Falcon 9,,,VAFB SLC 4E,,,2022-07-22 17:39:00,F9 B5B1071-4,"Vandenberg, SLC‑4E",Starlink: Group 3-2) (46 satellites),"~14,100 kg (31,100 lb)",SSO,SpaceX,Success,Success (OCISLY)
Starlink 4-25 (v1.5),2022-07-24 00:00:00,Falcon 9,,,CCSFS SLC 40,,,2022-07-24 13:38:00,F9 B5B1062-8,"Kennedy, LC‑39A",Starlink: Group 4-25 (53 satellites),"~16,250 kg (35,830 lb)",LEO,SpaceX,Success,Success (ASOG)
KPLO,2022-08-04 23:08:00,Falcon 9,,,CCSFS SLC 40,,,2022-08-04 23:08:00,F9 B5B1052-6,"Cape Canaveral, SLC‑40",Danuri (Korea Pathfinder Lunar Orbiter),"~679 kg (1,497 lb)[338]",BLT,KARI,Success,Success (JRTI)
Starlink 4-26 (v1.5),2022-08-09 22:57:00,Falcon 9,,,KSC LC 39A,,,2022-08-10 02:14:00,F9 B5B1073-3[343],"Kennedy, LC‑39A",Starlink: Group 4-26 (52 satellites),"~16,000 kg (35,000 lb)",LEO,SpaceX,Success,Success (ASOG)
Starlink 3-3 (v1.5),2022-08-12 21:30:00,Falcon 9,,,VAFB SLC 4E,,,2022-08-12 21:40:20,F9 B5B1061-10,"Vandenberg, SLC‑4E",Starlink: Group 3-3 (46 satellites),"~14,100 kg (31,100 lb)",SSO,SpaceX,Success,Success (OCISLY)
Starlink 4-27 (v1.5),2022-08-19 19:24:00,Falcon 9,,,CCSFS SLC 40,,,2022-08-19 19:21:20,F9 B5B1062-9,"Cape Canaveral, SLC‑40",Starlink: Group 4-27 (53 satellites),"~16,250 kg (35,830 lb)",LEO,SpaceX,Success,Success (ASOG)
Starlink 4-23 (v1.5),2022-08-28 02:22:00,Falcon 9,,,KSC LC 39A,,,2022-08-28 03:41:00,F9 B5B1069-2[348],"Cape Canaveral, SLC‑40",Starlink: Group 4-23 (54 satellites),"~16,700 kg (36,800 lb)",LEO,SpaceX,Success,Success (ASOG)
Starlink 3-4 (v1.5),2022-08-31 05:40:00,Falcon 9,,,VAFB SLC 4E,,,2022-08-31 05:40:00,F9 B5B1063-7,"Vandenberg, SLC‑4E",Starlink: Group 3-4 (46 satellites),"~14,200 kg (31,300 lb)",SSO,SpaceX,Success,Success (OCISLY)
Starlink 4-20 (v1.5) & Sherpa LTC-2/Varuna-TDM,2022-09-05 02:09:00,Falcon 9,,,CCSFS SLC 40,,,2022-09-05 02:09:00,F9 B5B1052-7,"Cape Canaveral, SLC‑40",Starlink: Group 4-20 (51 satellites)Sherpa-LTC2,"~16,000 kg (35,000 lb)[353][354]",LEO,SpaceXSpaceflight Industries,Success,Success (JRTI)
Starlink 4-2 (v1.5) & Blue Walker 3,2022-09-11 01:10:00,Falcon 9,,,KSC LC 39A,,,2022-09-11 01:20:00,F9 B5B1058-14,"Kennedy, LC‑39A",Starlink: Group 4-2 (34 satellites)[356] (34 satellites)BlueWalker-3,"~11,938 kg (26,319 lb)",LEO,SpaceXAST SpaceMobile,Success,Success (ASOG)
Starlink 4-34 (v1.5),2022-09-17 01:05:00,Falcon 9,,,CCSFS SLC 40,,,2022-09-19 00:18:00,F9 B5B1067-6[361],"Cape Canaveral, SLC‑40",Starlink: Group 4-34 (54 satellites),"~16,700 kg (36,800 lb)",LEO,SpaceX,Success,Success (JRTI)
Starlink 4-35 (v1.5),2022-09-24 23:30:00,Falcon 9,,,CCSFS SLC 40,,,2022-09-24 23:32:00,F9 B5B1073-4[364],"Cape Canaveral, SLC‑40",Starlink: Group 4-35 (52 satellites),"~16,100 kg (35,500 lb)",LEO,SpaceX,Success,Success (ASOG)
Crew-5,2022-10-05 16:00:00,Falcon 9,,,KSC LC 39A,,,2022-10-05 16:00:00,F9 B5 B1077-1,"Kennedy, LC‑39A",Crew-5 (Crew Dragon C210.2 Endurance)[98],"~13,000 kg (29,000 lb)",LEO (ISS),NASA (CTS)[9],Success,Success (JRTI)
Galaxy 33 (15R) & 34 (12R),2022-10-08 23:05:00,Falcon 9,,,CCSFS SLC 40,,,2022-10-08 23:05:00,F9 B5B1060-14,"Cape Canaveral, SLC‑40",Galaxy 33 & 34,"7,350 kg (16,200 lb)",GTO,Intelsat,Success,Success (ASOG)
Hotbird 13F,2022-10-15 05:22:00,Falcon 9,,,CCSFS SLC 40,,,2022-10-15 05:22:00,F9 B5B1069-3,"Cape Canaveral, SLC‑40",Hotbird 13F,"~4,500 kg (9,900 lb)",GTO,Eutelsat,Success,Success (JRTI)
Starlink 4-36 (v1.5),2022-10-20 14:50:00,Falcon 9,,,CCSFS SLC 40,,,2022-10-20 14:50:00,F9 B5B1062-10[382],"Cape Canaveral, SLC‑40",Starlink: Group 4-36 (54 satellites),"~16,700 kg (36,800 lb)",LEO,SpaceX,Success,Success (ASOG)
SES-18 & SES-19,2022-11-01 00:00:00,Falcon 9,,,CCSFS SLC 40,,,2022-11-01 13:41:00,Falcon Heavy B5  B1066 (core),"Kennedy, LC‑39A",USSF-44 (Shepherd Demonstration & LDPE-2)[387],"~3,750 kg (8,270 lb)",GEO,"USSF, Millennium Space Systems and Lockheed Martin Space",Success,No attempt
"O3b mPower 1,2",2022-11-01 00:00:00,Falcon 9,,,CCSFS SLC 40,,,2022-11-01 13:41:00,Falcon Heavy B5  B1066 (core),"Kennedy, LC‑39A",USSF-44 (Shepherd Demonstration & LDPE-2)[387],"~3,750 kg (8,270 lb)",GEO,"USSF, Millennium Space Systems and Lockheed Martin Space",Success,No attempt
Starlink 4-37 (v1.5),2022-11-01 00:00:00,Falcon 9,,,CCSFS SLC 40,,,2022-11-01 13:41:00,Falcon Heavy B5  B1066 (core),"Kennedy, LC‑39A",USSF-44 (Shepherd Demonstration & LDPE-2)[387],"~3,750 kg (8,270 lb)",GEO,"USSF, Millennium Space Systems and Lockheed Martin Space",Success,No attempt
USSF-44,2022-11-01 13:41:00,Falcon Heavy,,,KSC LC 39A,,,2022-11-01 13:41:00,Falcon Heavy B5  B1066 (core),"Kennedy, LC‑39A",USSF-44 (Shepherd Demonstration & LDPE-2)[387],"~3,750 kg (8,270 lb)",GEO,"USSF, Millennium Space Systems and Lockheed Martin Space",Success,No attempt
Hotbird 13G,2022-11-03 03:24:00,Falcon 9,,,CCSFS SLC 40,,,2022-11-03 05:22:00,F9 B5B1067-7,"Cape Canaveral, SLC‑40",Hotbird 13G,"~4,500 kg (9,900 lb)",GTO,Eutelsat,Success,Success (JRTI)
Galaxy 31 (23R) & 32 (17R),2022-11-08 00:00:00,Falcon 9,,,CCSFS SLC 40,,,2022-11-12 16:06:00,F9 B5B1051-14,"Cape Canaveral, SLC‑40",Galaxy 31 and Galaxy 32 (2 satellites),"~6,600 kg (14,600 lb)",GTO,Intelsat,Success,No attempt
Eutelsat 10B,2022-11-15 00:00:00,Falcon 9,,,CCSFS SLC 40,,,2022-11-12 16:06:00,F9 B5B1051-14,"Cape Canaveral, SLC‑40",Galaxy 31 and Galaxy 32 (2 satellites),"~6,600 kg (14,600 lb)",GTO,Intelsat,Success,No attempt
CRS-26,2022-11-18 22:00:00,Falcon 9,,,KSC LC 39A,,,2022-11-23 02:57:00,F9 B5B1049-11[396],"Cape Canaveral, SLC‑40",Eutelsat 10B,"5,500 kg (12,100 lb)[397]",GTO,Eutelsat,Success,No attempt
ispace Mission 1 & Rashid,2022-11-22 00:00:00,Falcon 9,,,CCSFS SLC 40,,,2022-11-23 02:57:00,F9 B5B1049-11[396],"Cape Canaveral, SLC‑40",Eutelsat 10B,"5,500 kg (12,100 lb)[397]",GTO,Eutelsat,Success,No attempt
Viasat-3 & Arcturus,2022-12-01 00:00:00,Falcon Heavy,,,KSC LC 39A,,,2022-11-26 19:20:00,F9 B5 B1076-1,"Kennedy, LC‑39A",SpaceX CRS-26(Dragon C211.1)[401],"3,528 kg (7,778 lb)[402]",LEO (ISS),NASA (CRS),Success,Success (JRTI)
Transporter-6,2022-12-01 00:00:00,Falcon 9,,,CCSFS SLC 40,,,2022-11-26 19:20:00,F9 B5 B1076-1,"Kennedy, LC‑39A",SpaceX CRS-26(Dragon C211.1)[401],"3,528 kg (7,778 lb)[402]",LEO (ISS),NASA (CRS),Success,Success (JRTI)
TTL-1,2022-12-01 00:00:00,Falcon 9,,,VAFB SLC 4E,,,2022-11-26 19:20:00,F9 B5 B1076-1,"Kennedy, LC‑39A",SpaceX CRS-26(Dragon C211.1)[401],"3,528 kg (7,778 lb)[402]",LEO (ISS),NASA (CRS),Success,Success (JRTI)
WorldView Legion 1 & 2,2022-12-01 00:00:00,Falcon 9,,,CCSFS SLC 40,,,2022-11-26 19:20:00,F9 B5 B1076-1,"Kennedy, LC‑39A",SpaceX CRS-26(Dragon C211.1)[401],"3,528 kg (7,778 lb)[402]",LEO (ISS),NASA (CRS),Success,Success (JRTI)
O3b mPower 3.4,2022-12-01 00:00:00,Falcon 9,,,CCSFS SLC 40,,,2022-11-26 19:20:00,F9 B5 B1076-1,"Kennedy, LC‑39A",SpaceX CRS-26(Dragon C211.1)[401],"3,528 kg (7,778 lb)[402]",LEO (ISS),NASA (CRS),Success,Success (JRTI)
SWOT,2022-12-05 00:00:00,Falcon 9,,,VAFB SLC 4E,,,2022-12-08 22:27:00,F9 B5B1069-4,"Kennedy, LC‑39A",OneWeb Flight #15 / SpaceX Flight 1 (40 satellites),"6,000 kg (13,000 lb)",Polar LEO,OneWeb,Success,Success (LZ‑1)
