date,booster_version,launch_site,payload,orbit,customer,launch_outcome,landing_type,landing_outcome
"January 3, 202314:56[17]",F9 B5B1060‑15,"Cape Canaveral, SLC‑40",Transporter-6 (115 payload smallsat rideshare),Unknown[j],SSO,Various,Success,Success (LZ‑1)
"January 10, 202304:50[23]",F9 B5B1076‑2,"Cape Canaveral, SLC‑40",OneWeb 16 (40 satellites),"6,000 kg (13,000 lb)",Polar LEO,OneWeb,Success,Success (LZ‑1)
"January 15, 202322:56[29]",Falcon Heavy B5B1070 (core),"Kennedy, LC‑39A",USSF-67 (CBAS-2 & LDPE-3A),"~3,750 kg (8,270 lb)",GEO,USSF,Success,No attempt
"January 18, 202312:24[33]",F9 B5B1077‑2,"Cape Canaveral, SLC‑40",USA-343 (GPS-III SV06),"4,352 kg (9,595 lb)",MEO,USSF,Success,Success (JRTI)
"January 19, 202315:43[39]",F9 B5B1075‑1,"Vandenberg, SLC‑4E",Starlink: Group 2-4 (51 satellites),"15,000 kg (33,000 lb)",LEO,SpaceX,Success,Success (OCISLY)
"January 26, 202309:32[40]",F9 B5B1067‑9,"Cape Canaveral, SLC‑40",Starlink: Group 5-2 (56 satellites),"~17,400 kg (38,400 lb)",LEO,SpaceX,Success,Success (JRTI)
"January 31, 202316:15[42]",F9 B5B1071‑7,"Vandenberg, SLC‑4E",Starlink: Group 2-6 (49 satellites),"~15,200 kg (33,500 lb)",LEO,SpaceX,Success,Success (OCISLY)
"February 2, 202307:58[42]",F9 B5B1069‑5,"Kennedy, LC‑39A",Starlink: Group 5-3 (53 satellites),"16,500 kg (36,400 lb)",LEO,SpaceX,Success,Success (ASOG)
"February 7, 202301:32[46]",F9 B5B1073‑6,"Cape Canaveral, SLC‑40",Amazonas Nexus,"4,146 kg (9,140 lb)",GTO,Hispasat,Success,Success (JRTI)
"February 12, 202305:10[52]",F9 B5B1062‑12,"Cape Canaveral, SLC‑40",Starlink: Group 5-4 (55 satellites),"17,100 kg (37,700 lb)",LEO,SpaceX,Success,Success (ASOG)
"February 17, 202319:12[52]",F9 B5B1063‑9,"Vandenberg, SLC‑4E",Starlink: Group 2-5 (51 satellites),"15,900 kg (35,100 lb)",LEO,SpaceX,Success,Success (OCISLY)
"February 18, 202303:59[57]",F9 B5B1077‑3,"Cape Canaveral, SLC‑40",Inmarsat-6 F2,"5,470 kg (12,060 lb)",GTO,Inmarsat,Success,Success (JRTI)
"February 27, 202323:13[63]",F9 B5B1076‑3,"Cape Canaveral, SLC‑40",Starlink: Group 6-1 (21 satellites),"~15,300 kg (33,700 lb)",LEO,SpaceX,Success,Success (ASOG)
"March 2, 202305:34[69]",F9 B5B1078‑1,"Kennedy, LC‑39A",Crew-6 (Crew Dragon C206.4 Endeavour),"~13,000 kg (29,000 lb)",LEO (ISS),NASA (CTS),Success,Success (JRTI)
"March 3, 202318:38[63]",F9 B5B1061‑12,"Vandenberg, SLC‑4E",Starlink: Group 2-7 (51 satellites),"15,900 kg (35,100 lb)",LEO,SpaceX,Success,Success (OCISLY)
"March 9, 202319:13[73]",F9 B5B1062‑13,"Cape Canaveral, SLC‑40",OneWeb 17 (40 satellites),"6,000 kg (13,000 lb)",LEO,OneWeb,Success,Success (LZ‑1)
"March 15, 202300:30[74]",F9 B5B1073‑7,"Kennedy, LC‑39A",SpaceX CRS-27 (Dragon C209.3),"2,852 kg (6,288 lb)",LEO (ISS),NASA (CRS),Success,Success (ASOG)
"March 17, 202319:26[79]",F9 B5B1071‑8,"Vandenberg, SLC‑4E",Starlink: Group 2-8 (52 satellites),"~16,200 kg (35,700 lb)",LEO,SpaceX,Success,Success (OCISLY)
"March 17, 202323:38[79]",F9 B5B1069‑6,"Cape Canaveral, SLC‑40",SES-18 & SES-19,"~7,000 kg (15,000 lb)",GTO,SES,Success,Success (JRTI)
"March 24, 202315:43[82]",F9 B5B1067‑10,"Cape Canaveral, SLC‑40",Starlink: Group 5-5 (56 satellites),"~17,400 kg (38,400 lb)",LEO,SpaceX,Success,Success (ASOG)
"March 29, 202320:01[84]",F9 B5B1077‑4,"Cape Canaveral, SLC‑40",Starlink: Group 5-10 (56 satellites),"~17,400 kg (38,400 lb)",LEO,SpaceX,Success,Success (JRTI)
"April 2, 202314:29[85]",F9 B5B1075‑2,"Vandenberg, SLC‑4E",SDA Tranche 0A (10 satellites),Unknown,LEO,SDA,Success,Success (LZ‑4)
"April 7, 202304:30[87]",F9 B5B1076‑4,"Cape Canaveral, SLC‑40",Intelsat 40e,"~5,588 kg (12,319 lb)",GTO,Intelsat,Success,Success (ASOG)
"April 15, 202306:47[90]",F9 B5B1063‑10,"Vandenberg, SLC‑4E",Transporter-7 (51 payload smallsat rideshare),Unknown,SSO,Various,Success,Success (LZ‑4)
"April 19, 202314:31[93]",F9 B5B1073‑8,"Cape Canaveral, SLC‑40",Starlink: Group 6-2 (21 satellites),"~15,300 kg (33,700 lb)",LEO,SpaceX,Success,Success (ASOG)
"April 27, 202313:40[94]",F9 B5B1061‑13,"Vandenberg, SLC‑4E",Starlink: Group 3-5 (46 satellites),"~14,100 kg (31,100 lb)",SSO,SpaceX,Success,Success (OCISLY)
"April 28, 202322:12[95]",F9 B5B1078‑2,"Cape Canaveral, SLC‑40",O3b mPOWER 3 & 4,"~4,100 kg (9,000 lb)",MEO,SES,Success,Success (JRTI)
"May 1, 202300:26[99]",Falcon Heavy B5B1068 (core),"Kennedy, LC‑39A",ViaSat-3 Americas[100][101],"6,400 kg (14,100 lb)",GEO,ViaSat,Success,No attempt
"May 4, 202307:31[105]",F9 B5B1069‑7,"Cape Canaveral, SLC‑40",Starlink: Group 5-6 (56 satellites),"~17,400 kg (38,400 lb)",LEO,SpaceX,Success,Success (ASOG)
"May 10, 202320:09[107]",F9 B5B1075‑3[108],"Vandenberg, SLC‑4E",Starlink: Group 2-9 (51 satellites),"15,900 kg (35,100 lb)",LEO,SpaceX,Success,Success (OCISLY)
"May 14, 202305:03[109]",F9 B5B1067‑11,"Cape Canaveral, SLC‑40",Starlink: Group 5-9 (56 satellites),"~17,400 kg (38,400 lb)",LEO,SpaceX,Success,Success (JRTI)
"May 19, 202306:19[110]",F9 B5B1076‑5,"Cape Canaveral, SLC‑40",Starlink: Group 6-3 (22 satellites),"~16,100 kg (35,500 lb)",LEO,SpaceX,Success,Success (ASOG)
"May 20, 202313:16[110]",F9 B5B1063‑11,"Vandenberg, SLC‑4E",Iridium-NEXT[111] (5 satellites)OneWeb (15 Gen1 plus a Gen2 test satellite)[112],"~6,600 kg (14,600 lb)",Polar LEO,Iridium & OneWeb,Success,Success (OCISLY)
"May 21, 202321:37[113]",F9 B5B1080‑1,"Kennedy, LC‑39A",Ax-2 (Crew Dragon C212.2 Freedom),"~13,000 kg (29,000 lb)",LEO (ISS),Axiom Space,Success,Success (LZ‑1)
"May 27, 202304:30[119]",F9 B5B1062‑14,"Cape Canaveral, SLC‑40",ArabSat 7B (Badr-8)[120],"~4,500 kg (9,900 lb)",GTO,Arabsat,Success,Success (JRTI)
"May 31, 202306:02[122]",F9 B5B1061‑14,"Vandenberg, SLC‑4E",Starlink: Group 2-10 (52 satellites),"~16,400 kg (36,200 lb)",LEO,SpaceX,Success,Success (OCISLY)
"June 4, 202312:20[122]",F9 B5B1078‑3,"Cape Canaveral, SLC‑40",Starlink: Group 6-4 (22 satellites),"~16,100 kg (35,500 lb)",LEO,SpaceX,Success,Success (JRTI)
"June 5, 202315:47[123]",F9 B5B1077‑5,"Kennedy, LC‑39A",SpaceX CRS-28 (Dragon C208.4),"~3,304 kg (7,284 lb)",LEO (ISS),NASA (CRS),Success,Success (ASOG)
"June 12, 202307:10[124]",F9 B5B1073‑9,"Cape Canaveral, SLC‑40",Starlink: Group 5-11 (52 satellites),"~16,400 kg (36,200 lb)",LEO,SpaceX,Success,Success (JRTI)
"June 12, 202321:35[125]",F9 B5B1071‑9,"Vandenberg, SLC‑4E",Transporter-8 (72 payload smallsat rideshare),Unknown[j],SSO,Various,Success,Success (LZ‑4)
"June 18, 202322:21[126]",F9 B5B1067‑12[127],"Cape Canaveral, SLC‑40",SATRIA[128],"~4,580 kg (10,100 lb)",GTO,PT Pasifik Satelit Nusantara,Success,Success (ASOG)
"June 22, 202307:19[126]",F9 B5B1075‑4[129],"Vandenberg, SLC‑4E",Starlink: Group 5-7 (47 satellites),"~14,500 kg (32,000 lb)",LEO,SpaceX,Success,Success (OCISLY)
"June 23, 202315:35[131]",F9 B5B1069‑8,"Cape Canaveral, SLC‑40",Starlink: Group 5-12 (56 satellites),"~17,400 kg (38,400 lb)",LEO,SpaceX,Success,Success (JRTI)
"July 1, 202315:12[132]",F9 B5B1080‑2,"Cape Canaveral, SLC‑40",Euclid,"~2,160 kg (4,760 lb)",Sun–Earth L2 injection,ESA,Success,Success (ASOG)
"July 7, 202319:29[134]",F9 B5B1063‑12[135],"Vandenberg, SLC‑4E",Starlink: Group 5-13 (48 satellites),"~14,900 kg (32,800 lb)",LEO,SpaceX,Success,Success (OCISLY)
"July 10, 202303:58[134]",F9 B5B1058‑16,"Cape Canaveral, SLC‑40",Starlink: Group 6-5 (22 satellites),"~16,100 kg (35,500 lb)",LEO,SpaceX,Success,Success (JRTI)
"July 16, 202303:50[136]",F9 B5B1060‑16[137],"Cape Canaveral, SLC‑40",Starlink: Group 5-15 (54 satellites),"~16,700 kg (36,800 lb)",LEO,SpaceX,Success,Success (ASOG)
"July 20, 202304:09[138]",F9 B5B1071‑10,"Vandenberg, SLC‑4E",Starlink: Group 6-15 (15 satellites),"~12,000 kg (26,000 lb)",LEO,SpaceX,Success,Success (OCISLY)
"July 24, 202300:50[138]",F9 B5B1076‑6,"Cape Canaveral, SLC‑40",Starlink: Group 6-6 (22 satellites),"~16,100 kg (35,500 lb)",LEO,SpaceX,Success,Success (JRTI)
"July 28, 202304:01[139]",F9 B5B1062‑15,"Cape Canaveral, SLC‑40",Starlink: Group 6-7 (22 satellites),"~16,100 kg (35,500 lb)",LEO,SpaceX,Success,Success (ASOG)
"July 29, 202303:04[140]",Falcon Heavy B5B1074 (core),"Kennedy, LC‑39A",Jupiter-3 (EchoStar-24)[141],"~9,200 kg (20,300 lb)",GTO,EchoStar,Success,No attempt
"August 3, 202305:00[144]",F9 B5B1077‑6,"Cape Canaveral, SLC‑40",Galaxy 37,"~5,063 kg (11,162 lb)",GTO,Intelsat,Success,Success (JRTI)
"August 7, 202302:41[149]",F9 B5B1078‑4,"Cape Canaveral, SLC‑40",Starlink: Group 6-8 (22 satellites),"~16,100 kg (35,500 lb)",LEO,SpaceX,Success,Success (ASOG)
"August 8, 202303:57[150]",F9 B5B1075‑5,"Vandenberg, SLC‑4E",Starlink: Group 6-20 (15 satellites),"~12,000 kg (26,000 lb)",LEO,SpaceX,Success,Success (OCISLY)
"August 11, 202305:17[151]",F9 B5B1069‑9,"Cape Canaveral, SLC‑40",Starlink: Group 6-9 (22 satellites),"~16,100 kg (35,500 lb)",LEO,SpaceX,Success,Success (JRTI)
"August 17, 202303:36[152]",F9 B5B1067‑13,"Cape Canaveral, SLC‑40",Starlink: Group 6-10 (22 satellites),"~16,100 kg (35,500 lb)",LEO,SpaceX,Success,Success (ASOG)
"August 22, 202309:37[153]",F9 B5B1061‑15,"Vandenberg, SLC‑4E",Starlink: Group 7-1 (21 satellites),"~15,300 kg (33,700 lb)",LEO,SpaceX,Success,Success (OCISLY)
"August 26, 202307:27[154]",F9 B5B1081‑1[155],"Kennedy, LC‑39A",Crew-7[156] (Crew Dragon C210.3 Endurance),"~13,000 kg (29,000 lb)",LEO (ISS),NASA (CTS),Success,Success (LZ‑1)
"August 27, 202301:05[158]",F9 B5B1080‑3,"Cape Canaveral, SLC‑40",Starlink: Group 6-11 (22 satellites),"~16,100 kg (35,500 lb)",LEO,SpaceX,Success,Success (JRTI)
"September 1, 202302:21[159]",F9 B5B1077‑7,"Cape Canaveral, SLC‑40",Starlink: Group 6-13 (22 satellites),"~16,100 kg (35,500 lb)",LEO,SpaceX,Success,Success (ASOG)
"September 2, 202302:21[160]14:25[161]",F9 B5B1063‑13,"Vandenberg, SLC‑4E",SDA Tranche 0B (13 satellites),Unknown,LEO,SDA,Success,Success (LZ‑4)
"September 4, 202302:47[162]",F9 B5B1073‑10,"Kennedy, LC‑39A",Starlink: Group 6-12 (22 satellites),"~15,300 kg (33,700 lb)",LEO,SpaceX,Success,Success (JRTI)
"September 9, 202303:12[163]",F9 B5B1076‑7,"Cape Canaveral, SLC‑40",Starlink: Group 6-14 (22 satellites),"~16,100 kg (35,500 lb)",LEO,SpaceX,Success,Success (ASOG)
"September 12, 202306:57[164]",F9 B5B1071‑11,"Vandenberg, SLC‑4E",Starlink: Group 7-2 (21 satellites),"~15,300 kg (33,700 lb)",LEO,SpaceX,Success,Success (OCISLY)
"September 16, 202303:38[165]",F9 B5B1078‑5,"Cape Canaveral, SLC‑40",Starlink: Group 6-16 (22 satellites),"~16,100 kg (35,500 lb)",LEO,SpaceX,Success,Success (JRTI)
"September 20, 202303:38[168]",F9 B5B1058‑17,"Cape Canaveral, SLC‑40",Starlink: Group 6-17 (22 satellites),"~16,100 kg (35,500 lb)",LEO,SpaceX,Success,Success (ASOG)
"September 24, 202303:38[169]",F9 B5B1060‑17,"Cape Canaveral, SLC‑40",Starlink: Group 6-18 (22 satellites),"~16,100 kg (35,500 lb)",LEO,SpaceX,Success,Success (JRTI)
"September 25, 202308:48[170]",F9 B5B1075‑6,"Vandenberg, SLC‑4E",Starlink: Group 7-3 (21 satellites),"~15,300 kg (33,700 lb)",LEO,SpaceX,Success,Success (OCISLY)
"September 30, 202302:00[171]",F9 B5B1069‑10,"Cape Canaveral, SLC‑40",Starlink: Group 6-19 (22 satellites),"~16,100 kg (35,500 lb)",LEO,SpaceX,Success,Success (ASOG)
"October 5, 202305:36[172]",F9 B5B1076‑8,"Cape Canaveral, SLC‑40",Starlink: Group 6-21 (22 satellites),"~16,100 kg (35,500 lb)",LEO,SpaceX,Success,Success (JRTI)
"October 9, 202307:23[173]",F9 B5B1063‑14,"Vandenberg, SLC‑4E",Starlink: Group 7-4 (21 satellites),"~15,300 kg (33,700 lb)",LEO,SpaceX,Success,Success (OCISLY)
"October 13, 202314:19[174]",Falcon Heavy B5B1079 (core)[175],"Kennedy, LC‑39A",Psyche[176],"~2,608 kg (5,750 lb)",Heliocentric,NASA (Discovery),Success,No attempt
"October 13, 202323:01[179]",F9 B5B1067‑14,"Cape Canaveral, SLC‑40",Starlink: Group 6-22 (22 satellites),"~16,100 kg (35,500 lb)",LEO,SpaceX,Success,Success (ASOG)
"October 18, 202300:39[180]",F9 B5B1062‑16,"Cape Canaveral, SLC‑40",Starlink: Group 6-23 (22 satellites),"~16,100 kg (35,500 lb)",LEO,SpaceX,Success,Success (JRTI)
"October 21, 202308:23[181]",F9 B5B1061‑16,"Vandenberg, SLC‑4E",Starlink: Group 7-5 (21 satellites),"~15,300 kg (33,700 lb)",LEO,SpaceX,Success,Success (OCISLY)
"October 22, 202302:17[182]",F9 B5B1080‑4,"Cape Canaveral, SLC‑40",Starlink: Group 6-24 (23 satellites),"~16,800 kg (37,000 lb)",LEO,SpaceX,Success,Success (ASOG)
"October 29, 202309:00[183]",F9 B5B1075‑7,"Vandenberg, SLC‑4E",Starlink: Group 7-6 (22 satellites),"~16,100 kg (35,500 lb)",LEO,SpaceX,Success,Success (OCISLY)
"October 30, 202323:20[184]",F9 B5B1077‑8,"Cape Canaveral, SLC‑40",Starlink: Group 6-25 (23 satellites),"~16,800 kg (37,000 lb)",LEO,SpaceX,Success,Success (JRTI)
"November 4, 202300:37[185]",F9 B5B1058‑18,"Cape Canaveral, SLC‑40",Starlink: Group 6-26 (23 satellites),"~16,800 kg (37,000 lb)",LEO,SpaceX,Success,Success (ASOG)
"November 8, 202305:05[186]",F9 B5B1073‑11,"Cape Canaveral, SLC‑40",Starlink: Group 6-27 (23 satellites),"~16,800 kg (37,000 lb)",LEO,SpaceX,Success,Success (JRTI)
"November 10, 202301:28[187]",F9 B5B1081‑2,"Kennedy, LC‑39A",SpaceX CRS-29 (Dragon C211.2),"~9,525 kg (20,999 lb)",LEO (ISS),NASA (CRS),Success,Success (LZ‑1)
"November 11, 202318:49[189]",F9 B5B1071‑12,"Vandenberg, SLC‑4E",Transporter-9 (113 payload smallsat rideshare),Unknown[j],SSO,Various,Success,Success (LZ‑4)
"November 12, 202321:08[191]",F9 B5B1076‑9,"Cape Canaveral, SLC‑40",O3b mPOWER 5 & 6,"~4,100 kg (9,000 lb)",MEO,SES,Success,Success (ASOG)
"November 18, 202305:05[192]",F9 B5B1069‑11,"Cape Canaveral, SLC‑40",Starlink: Group 6-28 (23 satellites),"~16,800 kg (37,000 lb)",LEO,SpaceX,Success,Success (JRTI)
"November 20, 202310:30[193]",F9 B5B1063‑15,"Vandenberg, SLC‑4E",Starlink: Group 7-7 (22 satellites),"~16,100 kg (35,500 lb)",LEO,SpaceX,Success,Success (OCISLY)
"November 22, 202307:47[194]",F9 B5B1067‑15,"Cape Canaveral, SLC‑40",Starlink: Group 6-29 (23 satellites),"~16,800 kg (37,000 lb)",LEO,SpaceX,Success,Success (ASOG)
"November 28, 202304:20[195]",F9 B5B1062‑17,"Cape Canaveral, SLC‑40",Starlink: Group 6-30 (23 satellites),"~16,800 kg (37,000 lb)",LEO,SpaceX,Success,Success (JRTI)
"December 1, 202318:19[196]",F9 B5B1061‑17,"Vandenberg, SLC‑4E",425 Project satellite[197]EIRSAT-1 and others 23 secondary payloads[198],"~800 kg (1,800 lb)(main satellite)",SSO,Republic of Korea Armed Forces,Success,Success (LZ‑4)
"December 3, 202304:00[200]",F9 B5B1078‑6,"Cape Canaveral, SLC‑40",Starlink: Group 6-31 (23 satellites),"~16,800 kg (37,000 lb)",LEO,SpaceX,Success,Success (ASOG)
"December 7, 202305:07[201]",F9 B5B1077‑9,"Cape Canaveral, SLC‑40",Starlink: Group 6-33 (23 satellites),"~16,800 kg (37,000 lb)",LEO,SpaceX,Success,Success (JRTI)
"December 8, 202308:03[202]",F9 B5B1071‑13,"Vandenberg, SLC‑4E",Starlink: Group 7-8 (22 satellites),"~16,100 kg (35,500 lb)",LEO,SpaceX,Success,Success (OCISLY)
"December 19, 202304:01[206]",F9 B5B1081‑3,"Cape Canaveral, SLC‑40",Starlink: Group 6-34 (23 satellites),"~16,800 kg (37,000 lb)",LEO,SpaceX,Success,Success (ASOG)
"December 23, 202305:33[207]",F9 B5B1058‑19,"Cape Canaveral, SLC‑40",Starlink: Group 6-32 (23 satellites),"~16,800 kg (37,000 lb)",LEO,SpaceX,Success,Partial failure (JRTI)
"December 24, 202313:11[209]",F9 B5B1075‑8,"Vandenberg, SLC‑4E",SARah 2 & 3[210],"~3,600 kg (7,900 lb)",SSO,German Intelligence Service,Success,Success (LZ‑4)
"December 29, 202301:07[212]",Falcon Heavy B5 B1084 (core)[213],"Kennedy, LC‑39A",USSF-52 (Boeing X-37B OTV-7),"6,350 kg (14,000 lb)+ OTV payload",High Elliptical HEO[214],Department of the Air Force RapidCapabilities Office[215]/USSF,Success,No attempt
"December 29, 202304:01[220]",F9 B5B1069‑12,"Cape Canaveral, SLC‑40",Starlink: Group 6-36 (23 satellites),"~16,800 kg (37,000 lb)",LEO,SpaceX,Success,Success (ASOG)
"January 3, 202403:44[228]",F9 B5B1082‑1,"Vandenberg, SLC‑4E",Starlink: Group 7-9 (22 satellites),"~16,800 kg (37,000 lb)",LEO,SpaceX,Success,Success (OCISLY)
"January 3, 202423:04[229]",F9 B5B1076‑10,"Cape Canaveral, SLC‑40",Ovzon-3,"1,800 kg (4,000 lb)",GTO,Ovzon,Success,Success (LZ‑1)
"January 7, 202422:35[233]",F9 B5B1067‑16,"Cape Canaveral, SLC‑40",Starlink: Group 6-35 (23 satellites),"~17,100 kg (37,700 lb)",LEO,SpaceX,Success,Success (ASOG)
"January 14, 202408:59[235]",F9 B5B1061‑18,"Vandenberg, SLC‑4E",Starlink: Group 7-10 (22 satellites),"~16,700 kg (36,800 lb)",LEO,SpaceX,Success,Success (OCISLY)
"January 15, 202401:52[236]",F9 B5B1073‑12,"Cape Canaveral, SLC‑40",Starlink: Group 6-37 (23 satellites),"~17,100 kg (37,700 lb)",LEO,SpaceX,Success,Success (ASOG)
"January 18, 202421:49[239]",F9 B5B1080‑5,"Kennedy, LC‑39A",Ax-3 (Crew Dragon C212.3 Freedom),"~13,000 kg (29,000 lb)",LEO (ISS),Axiom Space,Success,Success (LZ‑1)
"January 24, 202400:35[242]",F9 B5B1063‑16,"Vandenberg, SLC‑4E",Starlink: Group 7-11 (22 satellites),"~16,700 kg (36,800 lb)",LEO,SpaceX,Success,Success (OCISLY)
"January 29, 202401:10[243]",F9 B5B1062‑18,"Kennedy, LC‑39A",Starlink: Group 6-38 (23 satellites),"~17,100 kg (37,700 lb)",LEO,SpaceX,Success,Success (ASOG)
"January 29, 202405:57[244]",F9 B5B1075‑9,"Vandenberg, SLC‑4E",Starlink: Group 7-12 (22 satellites),"~16,700 kg (36,800 lb)",LEO,SpaceX,Success,Success (OCISLY)
"January 30, 202417:07[245]",F9 B5B1077‑10,"Cape Canaveral, SLC‑40",CRS NG-20,"3,726 kg (8,214 lb)",LEO (ISS),Northrop Grumman (CRS),Success,Success (LZ‑1)
"February 8, 202406:33[248]",F9 B5B1081‑4,"Cape Canaveral, SLC‑40",PACE,"1,694 kg (3,735 lb)",SSO,NASA (LSP),Success,Success (LZ‑1)
"February 10, 202400:34[250]",F9 B5B1071‑14,"Vandenberg, SLC‑4E",Starlink: Group 7-13 (22 satellites),"~16,700 kg (36,800 lb)",LEO,SpaceX,Success,Success (OCISLY)
"February 14, 202422:30[251]",F9 B5B1078‑7,"Cape Canaveral, SLC‑40",USSF-124 (6 satellites),Unknown,LEO,USSF / SDA,Success,Success (LZ‑2)
"February 15, 202406:05[253]",F9 B5B1060‑18,"Kennedy, LC‑39A",IM-1 Nova-C Odysseus lander,"1,931 kg (4,257 lb)",TLI,NASA (CLPS) / Intuitive Machines,Success,Success (LZ‑1)
"February 15, 202421:34[258]",F9 B5B1082‑2,"Vandenberg, SLC‑4E",Starlink: Group 7-14 (22 satellites),"~16,700 kg (36,800 lb)",LEO,SpaceX,Success,Success (OCISLY)
"February 20, 202420:11[260]",F9 B5B1067‑17,"Cape Canaveral, SLC‑40",Telkomsat HTS 113BT,"4,000 kg (8,800 lb)",GTO,Telkom Indonesia,Success,Success (JRTI)
"February 23, 202404:11[262]",F9 B5B1061‑19,"Vandenberg, SLC‑4E",Starlink: Group 7-15 (22 satellites),"~16,700 kg (36,800 lb)",LEO,SpaceX,Success,Success (OCISLY)
"February 25, 202422:06[264]",F9 B5B1069‑13,"Cape Canaveral, SLC‑40",Starlink: Group 6-39 (24 satellites),"~17,500 kg (38,600 lb)",LEO,SpaceX,Success,Success (ASOG)
"February 29, 202415:30[266]",F9 B5B1076‑11,"Cape Canaveral, SLC‑40",Starlink: Group 6-40 (23 satellites),"~17,100 kg (37,700 lb)",LEO,SpaceX,Success,Success (JRTI)
"March 4, 202403:53[267]",F9 B5B1083‑1,"Kennedy, LC‑39A",Crew-8 (Crew Dragon C206.5 Endeavour),"~13,000 kg (29,000 lb)",LEO (ISS),NASA (CTS),Success,Success (LZ‑1)
"March 4, 202422:05[269]",F9 B5B1081‑5,"Vandenberg, SLC‑4E",Transporter-10 (53 payload smallsat rideshare),Unknown[j],SSO,Various,Success,Success (LZ‑4)
"March 4, 202423:56[272]",F9 B5B1073‑13,"Cape Canaveral, SLC‑40",Starlink: Group 6-41 (23 satellites),"~17,100 kg (37,700 lb)",LEO,SpaceX,Success,Success (ASOG)
"March 10, 202423:05[274]",F9 B5B1077‑11,"Cape Canaveral, SLC‑40",Starlink: Group 6-43 (23 satellites),"~17,100 kg (37,700 lb)",LEO,SpaceX,Success,Success (JRTI)
"March 11, 202404:09[275]",F9 B5B1063‑17,"Vandenberg, SLC‑4E",Starlink: Group 7-17 (23 satellites),"~17,100 kg (37,700 lb)",LEO,SpaceX,Success,Success (OCISLY)
"March 16, 202400:21[276]",F9 B5B1062‑19,"Kennedy, LC‑39A",Starlink: Group 6-44 (23 satellites),"~17,100 kg (37,700 lb)",LEO,SpaceX,Success,Success (ASOG)
"March 19, 202402:28[277]",F9 B5B1075‑10,"Vandenberg, SLC‑4E",Starlink: Group 7-16 (20 satellites) + 2 Starshield satellites,"~16,300 kg (35,900 lb)(Starlink)",LEO,SpaceX,Success,Success (OCISLY)
"March 21, 202420:55[280]",F9 B5B1080‑6,"Cape Canaveral, SLC‑40",SpaceX CRS-30 (Dragon C209.4),"2,721 kg (5,999 lb)",LEO (ISS),NASA (CRS),Success,Success (LZ‑1)
"March 24, 202403:09[282]",F9 B5B1060‑19,"Kennedy, LC‑39A",Starlink: Group 6-42 (23 satellites),"~17,100 kg (37,700 lb)",LEO,SpaceX,Success,Success (JRTI)
"March 25, 202423:42[283]",F9 B5B1078‑8,"Cape Canaveral, SLC‑40",Starlink: Group 6-46 (23 satellites),"~17,100 kg (37,700 lb)",LEO,SpaceX,Success,Success (ASOG)
"March 30, 202421:52[285]",F9 B5B1076‑12,"Kennedy, LC‑39A",Eutelsat 36D,"5,000 kg (11,000 lb)",GTO,Eutelsat,Success,Success (JRTI)
"March 31, 202401:30[286]",F9 B5B1067‑18,"Cape Canaveral, SLC‑40",Starlink: Group 6-45 (23 satellites),"~17,100 kg (37,700 lb)",LEO,SpaceX,Success,Success (ASOG)
"April 2, 202402:30[287]",F9 B5B1071‑15,"Vandenberg, SLC‑4E",Starlink: Group 7-18 (22 satellites),"~16,700 kg (36,800 lb)",LEO,SpaceX,Success,Success (OCISLY)
"April 5, 202409:12[288]",F9 B5B1069‑14,"Cape Canaveral, SLC‑40",Starlink: Group 6-47 (23 satellites),"~17,100 kg (37,700 lb)",LEO,SpaceX,Success,Success (ASOG)
"April 7, 202402:25[289]",F9 B5B1081‑6,"Vandenberg, SLC‑4E",Starlink: Group 8-1 (21 satellites),"~16,800 kg (37,000 lb)",LEO,SpaceX,Success,Success (OCISLY)
"April 7, 202423:16[290]",F9 B5B1073‑14,"Kennedy, LC‑39A",Bandwagon-1 (11 payload smallsat rideshare),Unknown[j],LEO,Various,Success,Success (LZ‑1)
"April 10, 202405:40[292]",F9 B5B1083‑2,"Cape Canaveral, SLC‑40",Starlink: Group 6-48 (23 satellites),"~17,100 kg (37,700 lb)",LEO,SpaceX,Success,Success (JRTI)
"April 11, 202414:25[293]",F9 B5B1082‑3,"Vandenberg, SLC‑4E",USSF-62 (WSF-M 1),"1,200 kg (2,600 lb)",SSO,USSF,Success,Success (LZ‑4)
"April 13, 202401:40[295]",F9 B5B1062‑20,"Cape Canaveral, SLC‑40",Starlink: Group 6-49 (23 satellites),"~17,100 kg (37,700 lb)",LEO,SpaceX,Success,Success (ASOG)
"April 17, 202421:26[296]",F9 B5B1077‑12,"Kennedy, LC‑39A",Starlink: Group 6-51 (23 satellites),"~17,100 kg (37,700 lb)",LEO,SpaceX,Success,Success (JRTI)
"April 18, 202422:40[297]",F9 B5B1080‑7,"Cape Canaveral, SLC‑40",Starlink: Group 6-52 (23 satellites),"~17,100 kg (37,700 lb)",LEO,SpaceX,Success,Success (ASOG)
"April 23, 202422:17[298]",F9 B5B1078‑9,"Cape Canaveral, SLC‑40",Starlink: Group 6-53 (23 satellites),"~17,100 kg (37,700 lb)",LEO,SpaceX,Success,Success (JRTI)
"April 28, 202400:34[300]",F9 B5B1060‑20,"Kennedy, LC‑39A",Galileo-L12 (FOC FM25 & FM27),"1,600 kg (3,500 lb)",MEO,ESA,Success,No attempt
"April 28, 202422:08[301]",F9 B5B1076‑13,"Cape Canaveral, SLC‑40",Starlink: Group 6-54 (23 satellites),"~17,100 kg (37,700 lb)",LEO,SpaceX,Success,Success (JRTI)
"May 2, 202418:36[302]",F9 B5B1061‑20,"Vandenberg, SLC‑4E",WorldView Legion 1 & 2,"1,500 kg (3,300 lb)",SSO,Maxar Technologies,Success,Success (LZ‑4)
"May 3, 202402:37[304]",F9 B5B1067‑19,"Cape Canaveral, SLC‑40",Starlink: Group 6-55 (23 satellites),"~17,100 kg (37,700 lb)",LEO,SpaceX,Success,Success (ASOG)
"May 6, 202418:14[305]",F9 B5B1069‑15,"Cape Canaveral, SLC‑40",Starlink: Group 6-57 (23 satellites),"~17,100 kg (37,700 lb)",LEO,SpaceX,Success,Success (JRTI)
"May 8, 202418:42[306]",F9 B5B1083‑3,"Kennedy, LC‑39A",Starlink: Group 6-56 (23 satellites),"~17,100 kg (37,700 lb)",LEO,SpaceX,Success,Success (ASOG)
"May 10, 202404:30[307]",F9 B5B1082‑4,"Vandenberg, SLC‑4E",Starlink: Group 8-2 (20 satellites),"~16,300 kg (35,900 lb)",LEO,SpaceX,Success,Success (OCISLY)
"May 13, 202400:53[308]",F9 B5B1073‑15,"Cape Canaveral, SLC‑40",Starlink: Group 6-58 (23 satellites),"~17,100 kg (37,700 lb)",LEO,SpaceX,Success,Success (ASOG)
"May 14, 202418:39[309]",F9 B5B1063‑18,"Vandenberg, SLC‑4E",Starlink: Group 8-7 (20 satellites),"~16,300 kg (35,900 lb)",LEO,SpaceX,Success,Success (OCISLY)
"May 18, 202400:32[310]",F9 B5B1062‑21,"Cape Canaveral, SLC‑40",Starlink: Group 6-59 (23 satellites),"~17,100 kg (37,700 lb)",LEO,SpaceX,Success,Success (ASOG)
"May 22, 202408:00[311]",F9 B5B1071‑16,"Vandenberg, SLC‑4E",NROL-146 (21 Starshield satellites),Unknown,SSO,Northrop Grumman/NRO,Success,Success (OCISLY)
"May 23, 202402:35[314]",F9 B5B1080‑8,"Cape Canaveral, SLC‑40",Starlink: Group 6-62 (23 satellites),"~17,100 kg (37,700 lb)",LEO,SpaceX,Success,Success (ASOG)
"May 24, 202402:45[315]",F9 B5B1077‑13,"Kennedy, LC‑39A",Starlink: Group 6-63 (23 satellites),"~17,100 kg (37,700 lb)",LEO,SpaceX,Success,Success (JRTI)
"May 28, 202414:24[316]",F9 B5B1078‑10,"Cape Canaveral, SLC‑40",Starlink: Group 6-60 (23 satellites),"~17,100 kg (37,700 lb)",LEO,SpaceX,Success,Success (ASOG)
"May 28, 202422:20[317]",F9 B5B1081‑7,"Vandenberg, SLC‑4E",EarthCARE,"2,350 kg (5,180 lb)",SSO,ESA,Success,Success (LZ‑4)
"June 1, 202402:37[319]",F9 B5B1076‑14,"Cape Canaveral, SLC‑40",Starlink: Group 6-64 (23 satellites),"~17,100 kg (37,700 lb)",LEO,SpaceX,Success,Success (ASOG)
"June 5, 202402:16[321]",F9 B5B1067‑20,"Cape Canaveral, SLC‑40",Starlink: Group 8-5 (23 satellites),"~16,300 kg (35,900 lb)",LEO,SpaceX,Success,Success (JRTI)
"June 8, 202401:56[322]",F9 B5B1069‑16,"Cape Canaveral, SLC‑40",Starlink: Group 10-1 (22 satellites),"~16,700 kg (36,800 lb)",LEO,SpaceX,Success,Success (ASOG)
"June 8, 202412:58[323]",F9 B5B1061‑21,"Vandenberg, SLC‑4E",Starlink: Group 8-8 (20 satellites),"~16,300 kg (35,900 lb)",LEO,SpaceX,Success,Success (OCISLY)
"June 19, 202403:40[324]",F9 B5B1082‑5,"Vandenberg, SLC‑4E",Starlink: Group 9-1 (20 satellites),"~16,300 kg (35,900 lb)",LEO,SpaceX,Success,Success (OCISLY)
"June 20, 202421:35[325]",F9 B5B1080‑9,"Cape Canaveral, SLC‑40",Astra 1P,"5,000 kg (11,000 lb)",GTO,SES,Success,Success (JRTI)
"June 23, 202417:15[326]",F9 B5B1078‑11,"Cape Canaveral, SLC‑40",Starlink: Group 10-2 (22 satellites),"~16,700 kg (36,800 lb)",LEO,SpaceX,Success,Success (ASOG)
"June 24, 202403:47[328]",F9 B5B1075‑11,"Vandenberg, SLC‑4E",Starlink: Group 9-2 (20 satellites),"~16,300 kg (35,900 lb)",LEO,SpaceX,Success,Success (OCISLY)
"June 25, 202421:26[329]",Falcon Heavy B5B1087 (core),"Kennedy, LC‑39A",GOES-U (GOES-19)[330],"5,000 kg (11,000 lb)",GTO,NOAA,Success,No attempt
"June 27, 202411:14[332]",F9 B5B1062‑22,"Cape Canaveral, SLC‑40",Starlink: Group 10-3 (23 satellites),"~17,100 kg (37,700 lb)",LEO,SpaceX,Success,Success (JRTI)
"June 29, 202403:14[333]",F9 B5B1081‑8,"Vandenberg, SLC‑4E",NROL-186 (~21 Starshield satellites),Unknown,SSO,NRO,Success,Success (OCISLY)
"July 3, 202408:55[334]",F9 B5B1073‑16,"Cape Canaveral, SLC‑40",Starlink: Group 8-9 (20 satellites),"~16,300 kg (35,900 lb)",LEO,SpaceX,Success,Success (ASOG)
"July 8, 202423:30[335]",F9 B5B1076‑15,"Cape Canaveral, SLC‑40",Türksat 6A,"4,250 kg (9,370 lb)",GTO,Türksat,Success,Success (JRTI)
"July 12, 202402:35[337]",F9 B5B1063‑19,"Vandenberg, SLC‑4E",Starlink: Group 9-3 (20 satellites),"~16,300 kg (35,900 lb)",LEO,SpaceX,Failure,Success (OCISLY)
"July 27, 202405:45[345]",F9 B5B1069‑17,"Kennedy, LC‑39A",Starlink: Group 10-9 (23 satellites),"~17,100 kg (37,700 lb)",LEO,SpaceX,Success,Success (JRTI)
"July 28, 202405:09[346]",F9 B5B1077‑14,"Cape Canaveral, SLC‑40",Starlink: Group 10-4 (23 satellites),"~17,100 kg (37,700 lb)",LEO,SpaceX,Success,Success (ASOG)
"July 28, 202409:22[346]",F9 B5B1071‑17,"Vandenberg, SLC‑4E",Starlink: Group 9-4 (21 satellites),"~16,500 kg (36,400 lb)",LEO,SpaceX,Success,Success (OCISLY)
"August 2, 202405:01[347]",F9 B5B1078‑12,"Kennedy, LC‑39A",Starlink: Group 10-6 (23 satellites),"~17,100 kg (37,700 lb)",LEO,SpaceX,Success,Success (ASOG)
"August 4, 202407:24[348]",F9 B5B1082‑6,"Vandenberg, SLC‑4E",Starlink: Group 11-1 (23 satellites),"~17,100 kg (37,700 lb)",LEO,SpaceX,Success,Success (OCISLY)
"August 4, 202415:02[349]",F9 B5B1080‑10,"Cape Canaveral, SLC‑40",CRS NG-21,"3,857 kg (8,503 lb)",LEO (ISS),Northrop Grumman (CRS),Success,Success (LZ‑1)
"August 10, 202412:50[350]",F9 B5B1067‑21,"Cape Canaveral, SLC‑40",Starlink: Group 8-3 (21 satellites),"~16,500 kg (36,400 lb)",LEO,SpaceX,Success,Success (JRTI)
"August 12, 202402:02[351]",F9 B5B1061‑22,"Vandenberg, SLC‑4E",ASBM 1 (GX 10A) & ASBM 2 (GX 10B),"~7,230 kg (15,940 lb)[352]",Molniya,Space Norway,Success,Success (OCISLY)
"August 12, 202410:37[357]",F9 B5B1073‑17,"Kennedy, LC‑39A",Starlink: Group 10-7 (23 satellites),"~17,100 kg (37,700 lb)",LEO,SpaceX,Success,Success (ASOG)
"August 15, 202413:00[358]",F9 B5B1076‑16,"Cape Canaveral, SLC‑40",WorldView Legion 3 & 4,"1,500 kg (3,300 lb)",LEO,Maxar Technologies,Success,Success (LZ‑1)
"August 16, 202418:56[360]",F9 B5B1075‑12,"Vandenberg, SLC-4E",Transporter-11 (116 payload smallsat rideshare),Unknown[j],SSO,Various,Success,Success (LZ‑4)
"August 20, 202413:20[361]",F9 B5B1085‑1,"Cape Canaveral, SLC‑40",Starlink: Group 10-5 (23 satellites),"~16,700 kg (36,800 lb)",LEO,SpaceX,Success,Success (ASOG)
"August 28, 202407:48[362]",F9 B5B1062‑23,"Cape Canaveral, SLC‑40",Starlink: Group 8-6 (21 satellites),"~16,700 kg (36,800 lb)",LEO,SpaceX,Success,Failure (ASOG)
"August 31, 202407:43[366]",F9 B5B1069‑18,"Cape Canaveral, SLC‑40",Starlink: Group 8-10 (21 satellites),"~16,700 kg (36,800 lb)",LEO,SpaceX,Success,Success (JRTI)
"August 31, 202408:48[367]",F9 B5B1081‑9,"Vandenberg, SLC-4E",Starlink: Group 9-5 (21 satellites),"~16,700 kg (36,800 lb)",LEO,SpaceX,Success,Success (OCISLY)
"September 5, 202415:33[368]",F9 B5B1077‑15,"Cape Canaveral, SLC‑40",Starlink: Group 8-11 (21 satellites),"~16,700 kg (36,800 lb)",LEO,SpaceX,Success,Success (JRTI)
"September 6, 202403:20[369]",F9 B5B1063‑20,"Vandenberg, SLC‑4E",NROL-113 (21 Starshield satellites),Unknown,LEO,NRO,Success,Success (OCISLY)
"September 10, 202409:23[370]",F9 B5B1083‑4,"Kennedy, LC‑39A",Polaris Dawn (Crew Dragon C207.3 Resilience),"~13,000 kg (29,000 lb)",LEO,Polaris Program,Success,Success (JRTI)
"September 12, 202408:52[374]",F9 B5B1078‑13,"Cape Canaveral, SLC‑40",BlueBird Block 1 (5 satellites)[375],"7,500 kg (16,500 lb)",LEO,AST SpaceMobile,Success,Success (LZ‑1)
"September 13, 202401:45[376]",F9 B5B1071‑18,"Vandenberg, SLC-4E",Starlink: Group 9-6 (21 satellites),"~16,700 kg (36,800 lb)",LEO,SpaceX,Success,Success (OCISLY)
"September 17, 202422:50[377]",F9 B5B1067‑22,"Cape Canaveral, SLC‑40",Galileo-L13 (FOC FM26 & FM32),"1,600 kg (3,500 lb)",MEO,ESA,Success,Success (JRTI)
"September 20, 202413:50[379]",F9 B5B1075‑13,"Vandenberg, SLC-4E",Starlink: Group 9-17 (20 satellites),"~16,300 kg (35,900 lb)",LEO,SpaceX,Success,Success (OCISLY)
"September 25, 202404:01[380]",F9 B5B1081‑10,"Vandenberg, SLC-4E",Starlink: Group 9-8 (20 satellites),"~16,300 kg (35,900 lb)",LEO,SpaceX,Success,Success (OCISLY)
"September 28, 202417:17[381]",F9 B5 B1085‑2,"Cape Canaveral, SLC‑40",Crew-9 (Crew Dragon C212.4 Freedom),"~13,000 kg (29,000 lb)",LEO (ISS),NASA (CTS)[71],Success,Success (LZ‑1)
"October 7, 202414:52[388]",F9 B5B1061‑23,"Cape Canaveral, SLC‑40",Hera,"1,108 kg (2,443 lb)",Heliocentric,ESA,Success,No attempt
"October 14, 202416:06[390]",Falcon Heavy B5 B1089 (core),"Kennedy, LC‑39A",Europa Clipper,"6,065 kg (13,371 lb)",Heliocentric,NASA,Success,No attempt
"October 15, 202406:10[397]",F9 B5B1080‑11,"Cape Canaveral, SLC‑40",Starlink: Group 10-10 (23 satellites),"~17,100 kg (37,700 lb)",LEO,SpaceX,Success,Success (ASOG)
"October 15, 202408:21[398]",F9 B5B1071‑19,"Vandenberg, SLC-4E",Starlink: Group 9-7 (20 satellites),"~16,300 kg (35,900 lb)",LEO,SpaceX,Success,Success (OCISLY)
"October 18, 202423:31[399]",F9 B5B1076‑17,"Cape Canaveral, SLC‑40",Starlink: Group 8-19 (20 satellites),"~16,300 kg (35,900 lb)",LEO,SpaceX,Success,Success (JRTI)
"October 20, 202405:13[400]",F9 B5B1082‑7,"Vandenberg, SLC-4E",OneWeb #20 (20 satellites),"2,954 kg (6,512 lb)",Polar LEO,OneWeb,Success,Success (LZ‑4)
"October 23, 202421:47[401]",F9 B5B1073‑18,"Cape Canaveral, SLC‑40",Starlink: Group 6-61 (23 satellites),"~17,100 kg (37,700 lb)",LEO,SpaceX,Success,Success (ASOG)
"October 24, 202417:13[402]",F9 B5B1063‑21,"Vandenberg, SLC-4E",NROL-167 (~17 Starshield satellites),Unknown,LEO,NRO,Success,Success (OCISLY)
"October 26, 202421:47[403]",F9 B5B1069‑19,"Cape Canaveral, SLC‑40",Starlink: Group 10-8 (22 satellites),"~16,700 kg (36,800 lb)",LEO,SpaceX,Success,Success (JRTI)
"October 30, 202412:07[404]",F9 B5B1075‑14,"Vandenberg, SLC-4E",Starlink: Group 9-9 (20 satellites),"~16,300 kg (35,900 lb)",LEO,SpaceX,Success,Success (OCISLY)
"October 30, 202421:10[405]",F9 B5B1078‑14,"Cape Canaveral, SLC‑40",Starlink: Group 10-13 (23 satellites),"~17,100 kg (37,700 lb)",LEO,SpaceX,Success,Success (ASOG)
"November 5, 202402:29[406]",F9 B5B1083‑5,"Kennedy, LC‑39A",SpaceX CRS-31 (Cargo Dragon C208.5),"2,762 kg (6,089 lb)",LEO (ISS),NASA (CRS),Success,Success (LZ‑1)
"November 7, 202420:19[409]",F9 B5B1085‑3,"Cape Canaveral, SLC‑40",Starlink: Group 6-77 (23 satellites),"~17,100 kg (37,700 lb)",LEO,SpaceX,Success,Success (JRTI)
"November 9, 202406:14[410]",F9 B5B1081‑11,"Vandenberg, SLC-4E",Starlink: Group 9-10 (20 satellites),"~16,300 kg (35,900 lb)",LEO,SpaceX,Success,Success (OCISLY)
11 November 202417:22[411],F9 B5B1067‑23,"Kennedy, LC‑39A",Koreasat 6A,"3,900 kg (8,600 lb)",GTO,KT Sat,Success,Success (LZ‑1)
"November 11, 202421:28[414]",F9 B5B1080‑12,"Cape Canaveral, SLC‑40",Starlink: Group 6-69 (24 satellites),"~17,500 kg (38,600 lb)",LEO,SpaceX,Success,Success (ASOG)
"November 14, 202405:23[415]",F9 B5B1082‑8,"Vandenberg, SLC-4E",Starlink: Group 9-11 (20 satellites),"~16,300 kg (35,900 lb)",LEO,SpaceX,Success,Success (OCISLY)
"November 14, 202413:21[416]",F9 B5B1076‑18,"Cape Canaveral, SLC‑40",Starlink: Group 6-68 (24 satellites),"~17,500 kg (38,600 lb)",LEO,SpaceX,Success,Success (JRTI)
"November 17, 202422:28[417]",F9 B5B1077‑16,"Kennedy, LC‑39A",Optus-X/TD7,"~4,000 kg (8,800 lb)[418]",GTO,Optus,Success,Success (ASOG)
"November 18, 202405:53[419]",F9 B5B1071‑20,"Vandenberg, SLC-4E",Starlink: Group 9-12 (20 satellites),"~16,300 kg (35,900 lb)",LEO,SpaceX,Success,Success (OCISLY)
"November 18, 202418:31[420]",F9 B5B1073‑19,"Cape Canaveral, SLC‑40",GSAT-20 (GSAT-N2),"4,700 kg (10,400 lb)",GTO,New Space India LimitedDish TV,Success,Success (JRTI)
"November 21, 202416:07[422]",F9 B5B1069‑20,"Cape Canaveral, SLC‑40",Starlink: Group 6-66 (24 satellites),"~17,500 kg (38,600 lb)",LEO,SpaceX,Success,Success (ASOG)
"November 24, 202405:25[423]",F9 B5B1075‑15,"Vandenberg, SLC-4E",Starlink: Group 9-13 (20 satellites),"~16,300 kg (35,900 lb)",LEO,SpaceX,Success,Success (OCISLY)
"November 25, 202410:02[424]",F9 B5B1080‑13,"Cape Canaveral, SLC‑40",Starlink: Group 12-1 (23 satellites),"~17,100 kg (37,700 lb)",LEO,SpaceX,Success,Success (JRTI)
"November 27, 202404:41[426]",F9 B5B1078‑15,"Kennedy, LC‑39A",Starlink: Group 6-76 (24 satellites),"~17,500 kg (38,600 lb)",LEO,SpaceX,Success,Success (ASOG)
"November 30, 202405:00[427]",F9 B5B1083‑6,"Cape Canaveral, SLC‑40",Starlink: Group 6-65 (24 satellites),"~17,500 kg (38,600 lb)",LEO,SpaceX,Success,Success (JRTI)
"November 30, 202408:10[428]",F9 B5B1088‑1,"Vandenberg, SLC-4E",NROL-126 (2 Starshield satellites) + Starlink: Group N-01[429] (20 satellites),"~16,100 kg (35,500 lb)(Starlink)",LEO,NRO/SpaceX,Success,Success (OCISLY)
"December 4, 202410:13[430]",F9 B5B1067‑24,"Cape Canaveral, SLC‑40",Starlink: Group 6-70 (24 satellites),"~17,500 kg (38,600 lb)",LEO,SpaceX,Success,Success (ASOG)
"December 5, 202403:05[431]",F9 B5B1081‑12,"Vandenberg, SLC-4E",Starlink: Group 9-14 (20 satellites),"~16,300 kg (35,900 lb)",LEO,SpaceX,Success,Success (OCISLY)
"December 5, 202416:10[432]",F9 B5B1076‑19,"Kennedy, LC‑39A",SXM-9,"7,000 kg (15,000 lb)",GTO,Sirius XM,Success,Success (JRTI)
"December 8, 202405:12[435]",F9 B5B1086‑2,"Cape Canaveral, SLC‑40",Starlink: Group 12-5 (23 satellites),"~17,100 kg (37,700 lb)",LEO,SpaceX,Success,Success (ASOG)
"December 13, 202421:55[436]",F9 B5B1082‑9,"Vandenberg, SLC-4E",Starlink: Group 11-2 (22 satellites),"~16,700 kg (36,800 lb)",LEO,SpaceX,Success,Success (OCISLY)
"December 17, 202400:52[437]",F9 B5B1085‑4,"Cape Canaveral, SLC‑40",GPS III-7 (RRT-1)[438][439],"~4,350 kg (9,590 lb)",MEO,USSF,Success,Success (ASOG)
"December 17, 202413:19[440]",F9 B5B1063‑22,"Vandenberg, SLC‑4E",NROL-149 (22 Starshield satellites)[441],Unknown,LEO,NRO,Success,Success (OCISLY)
"December 17, 202422:26[442]",F9 B5B1090‑1,"Kennedy, LC‑39A",O3b mPOWER 7 & 8,"3,400 kg (7,500 lb)",MEO,SES,Success,Success (JRTI)
"December 21, 202411:34[444]",F9 B5B1071‑21,"Vandenberg, SLC-4E",Bandwagon-2 (30 payload smallsat rideshare)[271][291]425 Project Flight 3,"800 kg (1,800 lb)(main satellite) + unknown additional",LEO,VariousRepublic of Korea Armed Forces,Success,Success (LZ‑4)
"December 23, 202405:35[446]",F9 B5B1080‑14,"Kennedy, LC‑39A",Starlink: Group 12-2 (21 satellites),"~16,500 kg (36,400 lb)",LEO,SpaceX,Success,Success (JRTI)
"December 29, 202401:58[447]",F9 B5B1075‑16,"Vandenberg, SLC-4E",Starlink: Group 11-3 (22 satellites),"~16,700 kg (36,800 lb)",LEO,SpaceX,Success,Success (OCISLY)
"December 29, 202405:00[448]",F9 B5B1083‑7,"Cape Canaveral, SLC‑40",Astranis: From One to Many (4 satellites),"1,600 kg (3,500 lb)",GTO,Astranis,Success,Success (ASOG)
"December 31, 202405:39[450]",F9 B5B1078‑16,"Kennedy, LC‑39A",Starlink: Group 12-6 (21 satellites),"~16,500 kg (36,400 lb)",LEO,SpaceX,Success,Success (JRTI)
"January 4, 202501:27[455]",F9 B5B1073‑20,"Cape Canaveral, SLC‑40",Thuraya 4-NGS,"5,000 kg (11,000 lb)",GTO,Thuraya,Success,Success (ASOG)
"January 6, 202520:43[458]",F9 B5B1077‑17,"Cape Canaveral, SLC‑40",Starlink: Group 6‑71 (24 satellites),"~17,500 kg (38,600 lb)",LEO,SpaceX,Success,Success (JRTI)
"January 8, 202515:27[459]",F9 B5B1086‑3,"Kennedy, LC‑39A",Starlink: Group 12-11 (21 satellites),"~16,500 kg (36,400 lb)",LEO,SpaceX,Success,Success (ASOG)
"January 10, 202503:53[460]",F9 B5B1071‑22,"Vandenberg, SLC‑4E",NROL-153 (22 Starshield satellites)[461],Unknown,LEO,NRO,Success,Success (OCISLY)
"January 10, 202519:11[462]",F9 B5B1067‑25,"Cape Canaveral, SLC‑40",Starlink: Group 12-12 (21 satellites),"~16,500 kg (36,400 lb)",LEO,SpaceX,Success,Success (JRTI)
"January 13, 202516:47[463]",F9 B5B1080‑15,"Cape Canaveral, SLC‑40",Starlink: Group 12-4 (21 satellites),"~16,500 kg (36,400 lb)",LEO,SpaceX,Success,Success (ASOG)
"January 14, 202519:09[464]",F9 B5B1088‑2,"Vandenberg, SLC‑4E",Transporter-12 (131 payload smallsat rideshare),"2,000 kg (4,400 lb)",SSO,Various,Success,Success (LZ‑4)
"January 15, 202506:11[465]",F9 B5B1085‑5,"Kennedy, LC‑39A",Blue Ghost Mission 1,"2,517 kg (5,549 lb)",TLI,Firefly Aerospace & NASA (CLPS),Success,Success (JRTI)
"January 21, 202505:24[471]",F9 B5B1083‑8,"Kennedy, LC‑39A",Starlink: Group 13-1 (21 satellites) + 2 Starshield satellites,"~15,300 kg (33,700 lb)(Starlink)",LEO,SpaceX,Success,Success (ASOG)
"January 21, 202515:45[473]",F9 B5B1082‑10,"Vandenberg, SLC‑4E",Starlink: Group 11-8 (27 satellites),"~15,500 kg (34,200 lb)",LEO,SpaceX,Success,Success (OCISLY)
"January 24, 202514:07[474]",F9 B5B1063‑23,"Vandenberg, SLC‑4E",Starlink: Group 11-6 (23 satellites),"~17,100 kg (37,700 lb)",LEO,SpaceX,Success,Success (OCISLY)
"January 27, 202522:05[475]",F9 B5B1076‑20,"Cape Canaveral, SLC‑40",Starlink: Group 12-7 (21 satellites),"~16,500 kg (36,400 lb)",LEO,SpaceX,Success,Success (ASOG)
"January 30, 202501:34[476]",F9 B5B1073‑21,"Kennedy, LC‑39A",Spainsat NG I,"6,100 kg (13,400 lb)[477]",GTO,Hisdesat,Success,No attempt
"February 1, 202523:02[479]",F9 B5B1075‑17,"Vandenberg, SLC-4E",Starlink: Group 11-4 (22 satellites),"~16,700 kg (36,800 lb)",LEO,SpaceX,Success,Success (OCISLY)
"February 4, 202510:15[483]",F9 B5B1069‑21,"Cape Canaveral, SLC‑40",Starlink: Group 12-3 (21 satellites),"~16,500 kg (36,400 lb)",LEO,SpaceX,Success,Success (JRTI)
"February 4, 202523:13[484]",F9 B5B1086‑4,"Kennedy, LC‑39A",WorldView Legion 5 & 6 (2 satellites),"1,500 kg (3,300 lb)",LEO,Maxar Technologies,Success,Success (LZ‑1)
"February 8, 202519:18[488]",F9 B5B1078‑17,"Cape Canaveral, SLC‑40",Starlink: Group 12-9 (21 satellites),"~16,500 kg (36,400 lb)",LEO,SpaceX,Success,Success (ASOG)
"February 11, 202502:09[489]",F9 B5B1071‑23,"Vandenberg, SLC-4E",Starlink: Group 11-10 (23 satellites),"~17,100 kg (37,700 lb)",LEO,SpaceX,Success,Success (OCISLY)
"February 11, 202518:53[490]",F9 B5B1077‑18,"Cape Canaveral, SLC‑40",Starlink: Group 12-18 (21 satellites),"~16,500 kg (36,400 lb)",LEO,SpaceX,Success,Success (JRTI)
"February 15, 202506:14",F9 B5 B1067‑26,"Cape Canaveral, SLC‑40",Starlink: Group 12-8 (21 satellites),"~16,500 kg (36,400 lb)",LEO,SpaceX,Success,Success (ASOG)
"February 18, 202523:21[491]",F9 B5B1080‑16,"Cape Canaveral, SLC‑40",Starlink: Group 10-12 (23 satellites),"~17,100 kg (37,700 lb)",LEO,SpaceX,Success,Success (JRTI)
"February 21, 202515:19",F9 B5B1076‑21,"Cape Canaveral, SLC‑40",Starlink: Group 12-14 (23 satellites),"~17,100 kg (37,700 lb)",LEO,SpaceX,Success,Success (ASOG)
"February 23, 202501:38",F9 B5B1082‑11,"Vandenberg, SLC‑4E",Starlink: Group 15-1 (22 satellites),"~16,800 kg (37,000 lb)",LEO,SpaceX,Success,Success (OCISLY)
"February 27, 202500:16[492]",F9 B5B1083‑9,"Kennedy, LC‑39A[493]","IM-2 Nova-C ""Athena"" lunar landerLunar TrailblazerBrokkr-2 Odin[494]Chimera-1TBD",Unknown,TLI,NASA (CLPS)Intuitive MachinesAstroForgeEpic AerospaceTBD,Success,Success (ASOG)
"February 27, 202503:34",F9 B5B1092‑1[497],"Cape Canaveral, SLC‑40",Starlink: Group 12-13 (21 satellites),"~16,500 kg (36,400 lb)",LEO,SpaceX,Success,Success (JRTI)
"March 3, 202502:24[499]",F9 B5B1086‑5,"Cape Canaveral, SLC‑40",Starlink: Group 12-20 (21 satellites),"~16,500 kg (36,400 lb)",LEO,SpaceX,Success,Failure (JRTI)
"March 12, 202503:10[502]",F9 B5B1088‑3,"Vandenberg, SLC‑4E",SPHERExPUNCH[503],"758 kg (1,671 lb)",SSO,NASA,Success,Success (LZ‑4)
"March 13, 202502:35[504]",F9 B5B1069‑22,"Cape Canaveral, SLC‑40",Starlink: Group 12-21,"~16,500 kg (36,400 lb)",LEO,SpaceX,Success,Success (ASOG)
"March 14, 202523:03[505]",F9 B5B1090‑2,"Kennedy, LC‑39A",Crew-10 (Crew Dragon C210.4 Endurance),"~13,000 kg (29,000 lb)",LEO (ISS),NASA (CCP),Success,Success (LZ‑1)
"March 15, 202506:43[506]",F9 B5B1081‑13,"Vandenberg, SLC‑4E",Transporter-13 (74 payload smallsat rideshare)[271],Unknown[j],SSO,Various,Success,Success (LZ‑4)
"March 15, 202511:35[507]",F9 B5B1078‑18,"Cape Canaveral, SLC‑40",Starlink: Group 12-16,"~17,100 kg (37,700 lb)",LEO,SpaceX,Success,Success (JRTI)
"March 18, 202519:57[508]",F9 B5B1077‑19,"Cape Canaveral, SLC‑40",Starlink: Group 12-25,"~17,100 kg (37,700 lb)",LEO,SpaceX,Success,Success (ASOG)
"March 21, 202506:49[509]",F9 B5B1088‑4,"Vandenberg, SLC‑4E",NROL-57 (~11 Starshield satellites),Unknown,LEO,NRO,Success,Success (LZ‑4)
"March 24, 202517:48[510]",F9 B5B1092‑2,"Cape Canaveral, SLC‑40",NROL-69,Unknown,LEO,USSF,Success,Success (LZ‑1)
"March 26, 202522:11[512]",F9 B5B1063‑24,"Vandenberg, SLC‑4E",Starlink: Group 11-7,"~15,500 kg (34,200 lb)",LEO,SpaceX,Success,Success (OCISLY)
"March 31, 202519:52[513]",F9 B5B1080‑17,"Cape Canaveral, SLC‑40",Starlink: Group 6-80,"~16,100 kg (35,500 lb)",LEO,SpaceX,Success,Success (JRTI)
"April 1, 202501:46[514]",F9 B5B1085‑6,"Kennedy, LC‑39A",Fram2 (Crew Dragon C207.4 Resilience),"~13,000 kg (29,000 lb)",Polar (Retrograde),Chun Wang,Success,Success (ASOG)
"April 4, 202501:02[517]",F9 B5B1088‑5,"Vandenberg, SLC‑4E",Starlink: Group 11-13,"~15,500 kg (34,200 lb)",LEO,SpaceX,Success,Success (OCISLY)
"April 6, 202503:07[518]",F9 B5B1078‑19,"Cape Canaveral, SLC‑40",Starlink: Group 6-72,"~16,100 kg (35,500 lb)",LEO,SpaceX,Success,Success (JRTI)
"April 7, 202523:06[519]",F9 B5B1093‑1,"Vandenberg, SLC‑4E",Starlink: Group 11-11,"~15,500 kg (34,200 lb)",LEO,SpaceX,Success,Success (OCISLY)
"April 12, 202512:25[520]",F9 B5B1071‑24,"Vandenberg, SLC‑4E",NROL-192 (22 Starshield satellites),Unknown,LEO,NRO,Success,Success (OCISLY)
"April 13, 202500:53[521]",F9 B5B1083‑10,"Kennedy, LC‑39A",Starlink: Group 12-17,"~16,500 kg (36,400 lb)",LEO,SpaceX,Success,Success (ASOG)
"April 14, 202504:00[522]",F9 B5B1067‑27,"Cape Canaveral, SLC‑40",Starlink: Group 6-73,"~15,500 kg (34,200 lb)",LEO,SpaceX,Success,Success (JRTI)
"April 20, 202512:29[523]",F9 B5B1082‑12,"Vandenberg, SLC‑4E",NROL-145 (22 Starshield satellites),Unknown,LEO,NRO,Success,Success (OCISLY)
"April 21, 202508:15[524]",F9 B5 B1092‑3,"Kennedy, LC‑39A",SpaceX CRS-32 (Cargo Dragon C209.5),"3,021 kg (6,660 lb)",LEO (ISS),NASA (CRS),Success,Success (LZ‑1)
"April 22, 202500:48[526]",F9 B5B1090‑3,"Cape Canaveral, SLC‑40","Bandwagon-3 (425Sat-3,[527] Tomorrow-S7, PHOENIX)",Unknown[j],LEO,Republic of Korea Armed ForcesTomorrow.ioAtmos Space Cargo,Success,Success (LZ‑2)
"April 25, 202501:52[528]",F9 B5B1069‑23,"Cape Canaveral, SLC‑40",Starlink: Group 6-74,"~16,100 kg (35,500 lb)",LEO,SpaceX,Success,Success (ASOG)
"April 28, 202502:09[529]",F9 B5B1077‑20,"Cape Canaveral, SLC‑40",Starlink: Group 12-23,"~17,100 kg (37,700 lb)",LEO,SpaceX,Success,Success (JRTI)
"April 28, 202520:42[530]",F9 B5B1063‑25,"Vandenberg, SLC‑4E",Starlink: Group 11-9,"~15,500 kg (34,200 lb)",LEO,SpaceX,Success,Success (OCISLY)
"April 29, 202502:34[531]",F9 B5B1094‑1,"Kennedy, LC‑39A",Starlink: Group 12-10,"~17,100 kg (37,700 lb)",LEO,SpaceX,Success,Success (ASOG)
"May 2, 202501:51[532]",F9 B5B1080‑18,"Cape Canaveral, SLC‑40",Starlink: Group 6-75,"~16,100 kg (35,500 lb)",LEO,SpaceX,Success,Success (JRTI)
"May 4, 202508:54[533]",F9 B5B1078‑20,"Kennedy, LC‑39A",Starlink: Group 6-84,"~16,675 kg (36,762 lb)",LEO,SpaceX,Success,Success (ASOG)
"May 7, 202501:17[534]",F9 B5B1085‑7,"Cape Canaveral, SLC‑40",Starlink: Group 6-93,"~16,100 kg (35,500 lb)",LEO,SpaceX,Success,Success (JRTI)
"May 10, 202500:19[535]",F9 B5B1081‑14,"Vandenberg, SLC‑4E",Starlink: Group 15-3,"~14,950 kg (32,960 lb)",LEO,SpaceX,Success,Success (OCISLY)
"May 10, 202506:28[536]",F9 B5B1083‑11,"Cape Canaveral, SLC‑40",Starlink: Group 6-91,"~16,100 kg (35,500 lb)",LEO,SpaceX,Success,Success (ASOG)
"May 13, 202501:15[538]",F9 B5B1088‑6,"Vandenberg, SLC‑4E",Starlink: Group 15-4,"~14,950 kg (32,960 lb)",LEO,SpaceX,Success,Success (OCISLY)
"May 13, 202505:02[539]",F9 B5B1067‑28,"Kennedy, LC‑39A",Starlink: Group 6-83,"~16,100 kg (35,500 lb)",LEO,SpaceX,Success,Success (JRTI)
"May 14, 202516:38[540]",F9 B5B1090‑4,"Cape Canaveral, SLC‑40",Starlink: Group 6-67,"~16,100 kg (35,500 lb)",LEO,SpaceX,Success,Success (ASOG)
"May 16, 202513:43[541]",F9 B5B1093‑2,"Vandenberg, SLC‑4E",Starlink: Group 15-5,"~14,950 kg (32,960 lb)",LEO,SpaceX,Success,Success (OCISLY)
"May 21, 202503:19[542]",F9 B5B1095‑1,"Cape Canaveral, SLC‑40",Starlink: Group 12-15,"~17,100 kg (37,700 lb)",LEO,SpaceX,Success,Success (JRTI)
"May 23, 202522:32[543]",F9 B5B1075‑18,"Vandenberg, SLC‑4E",Starlink: Group 11-16,"~15,500 kg (34,200 lb)",LEO,SpaceX,Success,Success (OCISLY)
"May 24, 202517:19[544]",F9 B5B1069‑24,"Cape Canaveral, SLC‑40",Starlink: Group 12-22,"~17,100 kg (37,700 lb)",LEO,SpaceX,Success,Success (ASOG)
"May 27, 202516:57[545]",F9 B5B1082‑13,"Vandenberg, SLC‑4E",Starlink: Group 17-1,"~17,500 kg (38,600 lb)",SSO,SpaceX,Success,Success (OCISLY)
"May 28, 202513:30[546]",F9 B5B1080‑19,"Kennedy, LC‑39A",Starlink: Group 10-32,"~15,500 kg (34,200 lb)",LEO,SpaceX,Success,Success (JRTI)
"May 30, 202517:37[547]",F9 B5B1092‑4,"Cape Canaveral, SLC‑40",GPS III-8,"4,350 kg (9,590 lb)",MEO,USSF,Success,Success (ASOG)
"May 31, 202520:10[548]",F9 B5B1071‑25,"Vandenberg, SLC‑4E",Starlink: Group 11-18,"~15,500 kg (34,200 lb)",LEO,SpaceX,Success,Success (OCISLY)
"June 3, 202504:43[549]",F9 B5B1077‑21,"Cape Canaveral, SLC‑40",Starlink: Group 12-19,"~17,100 kg (37,700 lb)",LEO,SpaceX,Success,Success (JRTI)
"June 4, 202523:40[551]",F9 B5B1063‑26,"Vandenberg, SLC‑4E",Starlink: Group 11-22,"~15,500 kg (34,200 lb)",LEO,SpaceX,Success,Success (OCISLY)
"June 7, 202504:54[552]",F9 B5B1085‑8,"Cape Canaveral, SLC‑40",SXM-10,"6,400 kg (14,100 lb)",GTO,Sirius XM,Success,Success (ASOG)
"June 8, 202514:20[553]",F9 B5B1088‑7,"Vandenberg, SLC‑4E",Starlink: Group 15-8,"~14,950 kg (32,960 lb)",LEO,SpaceX,Success,Success (OCISLY)
"June 10, 202513:05[554]",F9 B5B1083‑12,"Cape Canaveral, SLC‑40",Starlink: Group 12-24,"~17,100 kg (37,700 lb)",LEO,SpaceX,Success,Success (JRTI)
"June 13, 202501:54[555]",F9 B5B1081‑15,"Vandenberg, SLC‑4E",Starlink: Group 15-6,"~14,950 kg (32,960 lb)",LEO,SpaceX,Success,Success (OCISLY)
"June 13, 202515:29[556]",F9 B5B1078‑21,"Cape Canaveral, SLC‑40",Starlink: Group 12-26,"~17,100 kg (37,700 lb)",LEO,SpaceX,Success,Success (ASOG)
"June 17, 202503:36[557]",F9 B5B1093‑3,"Vandenberg, SLC‑4E",Starlink: Group 15-9,"~14,950 kg (32,960 lb)",LEO,SpaceX,Success,Success (OCISLY)
"June 18, 202505:55[558]",F9 B5B1090‑5,"Cape Canaveral, SLC‑40",Starlink: Group 10-18,"~16,100 kg (35,500 lb)",LEO,SpaceX,Success,Success (JRTI)
"June 23, 202505:58[559]",F9 B5B1069‑25,"Cape Canaveral, SLC‑40",Starlink: Group 10-23,"~15,500 kg (34,200 lb)",LEO,SpaceX,Success,Success (ASOG)
